dataset,suite / split,KS,95% interval,predicted
ssnpp,big-ann,0.0065706317587019706,0.0003046705310944952,Ada-ef
nytimes-256-angular,ann-benchmarks,0.009127325666922587,0.0008389620442677472,Ada-ef
msturing,big-ann,0.009492917862411939,0.0004979357203010498,Ada-ef
glove-200-cosine,ID,0.013751623960602694,0.0013211355129375756,Ada-ef
glove-200-angular,ann-benchmarks,0.014766786178937402,0.0012645052620197036,Ada-ef
cqadupstack-muvera-5120-ip,OOD,0.015003896132873814,0.001014011118458808,Ada-ef
glove-50-angular,ann-benchmarks,0.01727579292125217,0.0011029432682152457,Ada-ef
glove100,ours,0.017570484509198285,0.001172909425940444,Ada-ef
glove-25-angular,ann-benchmarks,0.019041395435281595,0.001258568253960904,Ada-ef
laion-clip-512-normalized,OOD,0.021736535928254135,0.0013238279535564808,Ada-ef
msspacev,big-ann,0.023482249539647827,0.001785739574307969,Ada-ef
bigann,big-ann,0.028715590231668947,0.00186064840902388,Ada-ef
yandex-200-cosine,OOD,0.030863721466201918,0.0029396896069284655,Ada-ef
text2image,big-ann,0.03149508217947725,0.002989354056866323,Ada-ef
llama-128-ip,OOD,0.032341317994158,0.002461333414783157,Ada-ef
hotpotqa-harrier-640-normalized,OOD,0.0326207995487303,0.0016246917895663359,Ada-ef
msmarco-qwen-1024-normalized,ID,0.03274761175925146,0.0016976684428047716,Ada-ef
cqadupstack-lemur-2048-ip,OOD,0.03358124105951074,0.00238726143980089,Ada-ef
landmark-nomic-768-normalized,ID,0.03529137648266442,0.0019753866044859274,Ada-ef
mnist-784-euclidean,ann-benchmarks,0.03696499254314176,0.0030325194409704208,Ada-ef
dbpedia1536,ours,0.03827149695273915,0.001730754231990718,Ada-ef
imagenet-clip-512-normalized,ID,0.03828477366752671,0.0029686358786769895,Ada-ef
arxiv-nomic-768-normalized,ID,0.03900074334366194,0.0029236901128631278,Ada-ef
msmarco384,ours,0.044181680512072455,0.0018927771977375587,Ada-ef
coco-i2i-512-angular,ann-benchmarks,0.04569207392683831,0.00419415814645318,band (uncertain)
agnews-mxbai-1024-euclidean,ID,0.047469697892483884,0.002997011820078249,band
gooaq-distilroberta-768-normalized,ID,0.05046343799308145,0.002017838038062214,band
yi-128-ip,OOD,0.05159183069155283,0.003233937228143392,band
yahoo-minilm-384-normalized,ID,0.05352324107302162,0.0021993163128101946,band
coco-t2i-512-angular,ann-benchmarks,0.055464957664702545,0.0035086594185794865,band
imagenet-align-640-normalized,OOD,0.0576217946840588,0.003347707486486713,band
dpr-jina-768-normalized,ID,0.05849214966609253,0.0021673363284107146,band
deepimage96,ours,0.06559076529602371,0.00440890531162423,band
deep1b,big-ann,0.06657517988315372,0.004865225819711429,ours (uncertain)
fashion-mnist-784-euclidean,ann-benchmarks,0.07342931626360827,0.004385009855953408,ours
landmark-dino-768-cosine,ID,0.07582700228713855,0.004386586290362039,ours
yambda,ours,0.09029515619754419,0.0036207589117468043,ours
gist-960-euclidean,ann-benchmarks,0.0909393553291179,0.0024413587089614783,ours
inaturalist-resnet-2048-cosine,ID,0.11446552656209016,0.006605589627560862,ours
sift128,ours,0.125875142365241,0.004392048569384366,ours
lastfm-64-dot,ann-benchmarks,0.21552428010803434,0.003357207688446803,ours
