dataset,setting,KS,hard / fixed-ef time at same DC,easy / fixed-ef time at same DC,PercEF / fixed-ef time at same DC,PercEF DC on hard queries (%)
MS Turing (2M),P,0.01,1.0024445610678487,0.997977017586815,1.0260168359397517,95.14815901385185
MS Turing (2M),R,0.01,1.000048705448709,0.9959406905688173,0.9982260021398137,97.90948190542187
GloVe-100,P,0.018,1.037083946749402,0.7986919434972253,1.0318040453799704,95.68284693412664
GloVe-100,R,0.018,1.0374327658896807,0.7989853874891721,1.0212724208301174,97.30539339098891
BIGANN (2M),P,0.029,1.0345539863180098,0.8629559115841094,1.1143910017358925,50.47691635364161
BIGANN (2M),R,0.029,1.0439871820198214,0.8549178368866024,1.0687834495410462,39.032815559520756
LAION-I2I,P,0.034,1.185112152774294,0.8414605122774178,1.0667775228390977,57.98362256748386
LAION-I2I,R,0.034,1.183983962453761,0.8203684884037328,1.1120083189837078,54.25221699531736
DBpedia-1536,P,0.038,1.0521500158313346,0.884397556082885,0.9878051618844584,81.15158802880342
DBpedia-1536,R,0.038,1.058825774764262,0.8392246346056991,1.0228114803897508,66.08257412189313
MS MARCO-384,P,0.044,1.1138436464851198,0.8083989955333474,1.024081810395883,30.443662860636316
MS MARCO-384,R,0.044,1.1327712677752335,0.8239030511266908,1.0163084889103042,30.823669681806347
COCO-I2I,P,0.046,1.120667396626275,0.9425173711845352,1.0682804931077579,43.81631072450273
COCO-I2I,R,0.046,1.1326656316773323,0.9281887539232487,1.0660626912747644,35.86799656102618
Cohere-1024,P,0.049,1.0722587124511502,0.8494168396956573,1.0761528201632624,63.74271567367297
Cohere-1024,R,0.049,1.086721351313775,0.8649502522648536,1.1028532929180028,71.23697610590088
Yahoo-MiniLM,P,0.054,1.0826926764264684,0.8902986457179878,1.0055415285545375,44.92502078900905
Yahoo-MiniLM,R,0.054,1.0846522545425974,0.8794395176050661,0.990101330951912,39.79838177931726
COCO-T2I,P,0.056,1.0056948542590067,1.0056948542590067,1.0476372792129425,100.0
COCO-T2I,R,0.056,0.9906403603781928,0.9906403603781928,0.9900165346048828,100.0
ImageNet-ALIGN,P,0.058,1.012922150848261,1.012922150848261,1.0480363833623931,100.0
ImageNet-ALIGN,R,0.058,0.9890554882239909,0.9890554882239909,1.0287390386747244,100.0
DeepImage-96,P,0.066,1.0694575588926347,0.9156464920796057,1.076174369924109,52.04400407036712
DeepImage-96,R,0.066,1.0867354567426393,0.9123566844114501,1.075058311147674,43.58646365177653
Deep1B (2M),P,0.067,1.0920954767831057,0.8906688946790581,1.0478844229939699,34.376298481449034
Deep1B (2M),R,0.067,1.0831510167116893,0.8833678192799445,1.0647664484487176,43.856630256830826
Fashion-MNIST,P,0.073,1.0934143878614355,0.9790795903572218,1.0165319615356587,30.34463268928404
Fashion-MNIST,R,0.073,1.0935190820177954,0.9790095650983329,1.011784431670241,25.642761709673874
Landmark-DINO,P,0.076,1.096412438318712,0.8934804295283697,0.8897500772826629,52.94285204065423
Landmark-DINO,R,0.076,1.0664853246916581,0.8806529926299156,0.890257680627562,48.970925135810276
Yambda,P,0.09,1.0062537956777813,1.004590164387464,1.0265578109742144,100.0
Yambda,R,0.09,0.9988795810385576,0.9782791433952652,1.0044392837864125,100.0
GIST-960,P,0.091,1.006301052606151,1.0041891738994277,0.9835304426449836,98.8186805225305
GIST-960,R,0.091,1.0042124838261184,1.0006778347085075,0.9872392029863801,99.38972846159206
iNat-ResNet,P,0.115,1.1142928739855003,0.9457727455114668,1.0733608472490968,33.67971557136361
iNat-ResNet,R,0.115,1.1205318338559938,0.916034378898605,1.024819838032314,30.045982480534363
SIFT-1M,P,0.126,1.0512719976188365,0.8965617913366793,1.002464662201758,42.709439854270045
SIFT-1M,R,0.126,1.0587757914165614,0.8927503576298855,1.001585295693919,28.928665283514338
Last.fm,P,0.216,0.9981326928348004,0.9981326928348004,1.0458796229205547,100.0
Last.fm,R,0.216,0.9962523636528553,0.9962523636528553,1.0488786955940952,100.0
