dataset,setting,Ada-ef statistics (s),Ada-ef table (s),Ada-ef memory (B),ours bins (s),ours min-ef (s),ours memory (B)
MS Turing (2M),P,5.220594644546509,5.07869815826416,41320,0.7138247489929199,7.359070301055908,824
MS Turing (2M),R,5.220594644546509,206.24852442741394,41528,0.7138247489929199,257.45247769355774,768
GloVe-100,P,,,41496,,,672
GloVe-100,R,,,41608,,,820
BIGANN (2M),P,4.791247129440308,0.2684204578399658,66600,0.8020009994506836,0.2831246852874756,936
BIGANN (2M),R,4.791247129440308,2.971022605895996,66648,0.8020009994506836,3.307955503463745,936
LAION-I2I,P,,,1053000,,,2472
LAION-I2I,R,,,1053448,,,2472
DBpedia-1536,P,,,9450048,,,6540
DBpedia-1536,R,,,9450232,,,6540
MS MARCO-384,P,,,593560,,,1952
MS MARCO-384,R,,,593696,,,1960
COCO-I2I,P,1.6876797676086426,0.09926414489746094,1053160,0.1656186580657959,0.10532474517822266,2472
COCO-I2I,R,1.6876797676086426,1.0237252712249756,1053472,0.1656186580657959,1.0751254558563232,2472
Cohere-1024,P,,,4203160,,,4520
Cohere-1024,R,,,4203248,,,4476
Yahoo-MiniLM,P,,,593552,,,1912
Yahoo-MiniLM,R,,,593552,,,1836
COCO-T2I,P,1.7003231048583984,0.13543987274169922,1053176,0.16524696350097656,0.1376326084136963,2472
COCO-T2I,R,1.7003231048583984,7.989714622497559,1052680,0.16524696350097656,9.673453330993652,2072
ImageNet-ALIGN,P,,,1644088,,,2984
ImageNet-ALIGN,R,,,1643528,,,2584
DeepImage-96,P,,,37728,3.082423210144043,,808
DeepImage-96,R,,,37904,3.082423210144043,,808
Deep1B (2M),P,5.792542457580566,0.2474203109741211,37800,0.6216108798980713,0.24738812446594238,808
Deep1B (2M),R,5.792542457580566,2.9789364337921143,38072,0.6216108798980713,3.3149709701538086,808
Fashion-MNIST,P,,,2464976,,,3560
Fashion-MNIST,R,,,2465144,,,3560
Landmark-DINO,P,,,2366032,,,3496
Landmark-DINO,R,,,2366096,,,3496
Yambda,P,,,66568,,,936
Yambda,R,,,66600,,,936
GIST-960,P,,,3694168,,,3888
GIST-960,R,,,3694160,,,3888
iNat-ResNet,P,,,16793952,,,8616
iNat-ResNet,R,,,16794120,,,8616
SIFT-1M,P,,,66568,0.3891003131866455,,936
SIFT-1M,R,,,66600,0.3891003131866455,,936
Last.fm,P,0.8165524005889893,0.36194300651550293,17436,0.06886792182922363,2.0746798515319824,684
Last.fm,R,0.8165524005889893,0.30736255645751953,17428,0.06886792182922363,0.4137856960296631,284
