group,method,runs,cheaper than fixed (DC),worst DC saving,faster than fixed (latency),p1 >= fixed,cheaper at equal p1,faster at equal p1,median time saving at equal p1
"all, same modality",Ours,34,32/34,-2.524072244226646,26/34,31/34,31/34,31/34,14.68892408311554
"all, same modality",Ada-ef,34,10/34,-24.64508918310616,3/34,22/34,19/34,11/34,-15.292022469629195
"all, same modality",Ada-ef WAE,34,17/34,-24.64508918310616,8/34,23/34,24/34,14/34,-4.7802255418831034
KS >= 0.0655,Ours,16,14/16,-2.524072244226646,8/16,13/16,13/16,13/16,14.20775123221576
KS >= 0.0655,Ada-ef,16,2/16,-24.64508918310616,0/16,6/16,4/16,1/16,-26.947903368734977
KS >= 0.0655,Ada-ef WAE,16,3/16,-24.64508918310616,0/16,7/16,7/16,2/16,-22.747056517745676
band 0.044-0.0655,Ours,8,8/8,3.3785089255750878,8/8,8/8,8/8,8/8,14.68790633588518
band 0.044-0.0655,Ada-ef,8,4/8,-7.368264604503868,2/8,8/8,7/8,6/8,22.280950047478186
band 0.044-0.0655,Ada-ef WAE,8,6/8,-6.627772226033343,3/8,8/8,8/8,6/8,19.871405160545585
KS < 0.044,Ours,10,10/10,1.9247354021511194,10/10,10/10,10/10,10/10,15.008229408569193
KS < 0.044,Ada-ef,10,4/10,-12.449995476604412,1/10,8/10,8/10,4/10,-4.004312022312433
KS < 0.044,Ada-ef WAE,10,8/10,-2.05285990024255,5/10,8/10,9/10,6/10,1.286706489390867
cross-modal,Ours,6,1/6,-1.0186264700167726,0/6,5/6,5/6,4/6,0.49442409520491315
cross-modal,Ada-ef,6,0/6,-10.27698423050922,0/6,4/6,1/6,0/6,-22.51643839645722
cross-modal,Ada-ef WAE,6,1/6,-10.27698423050922,0/6,3/6,1/6,0/6,-22.48127232666841
