dataset,setting,method,KS,mean recall,DC saving,latency saving,p1 gain,p5 gain,adapts
MS Turing (2M),P,Ours,0.01,0.9111710000000001,2.535179263202338,1.446053705482782,0.013624121457248561,0.0036241214572485525,yes
MS Turing (2M),P,Ada-ef,0.01,0.90345,-8.992677947860853,-11.272512653047945,-0.0665165078459593,-0.006516507845959363,yes
MS Turing (2M),P,Ada-ef WAE,0.01,0.922307,-0.43297369555936854,-1.6389539832608517,-0.008291802522968572,0.0017081974770314368,yes
MS Turing (2M),R,Ours,0.01,0.94957,1.9247354021511194,0.9022336488327745,0.00994521277095628,-7.849230639978e-05,yes
MS Turing (2M),R,Ada-ef,0.01,0.952327,0.0697100552671468,-1.2144759384759969,-0.040614913250686446,0.0020113009358154743,yes
MS Turing (2M),R,Ada-ef WAE,0.01,0.962166,3.2371098868819184,2.7892296296821497,-0.0013448543978820116,0.001004116481694295,yes
GloVe-100,P,Ours,0.018,0.94847,4.907944217031947,0.46759903684246057,0.03411219894808459,0.026760165790070567,yes
GloVe-100,P,Ada-ef,0.018,0.9399675,-8.554550703678544,-21.656257638955413,0.04331032480063057,0.05398619488037848,yes
GloVe-100,P,Ada-ef WAE,0.018,0.97333,27.223962260335355,21.68031695246395,0.05033867433489825,0.030254005751173763,yes
GloVe-100,R,Ours,0.018,0.9427537500000001,5.942139526804338,1.3991445618677827,0.02919068974625727,0.025514413847754436,yes
GloVe-100,R,Ada-ef,0.018,0.95321375,11.516968275825263,0.03969434397539913,0.07335126875254494,0.059542723960454125,yes
GloVe-100,R,Ada-ef WAE,0.018,0.973855,26.465610170910615,21.252871210619357,0.04790688769507179,0.02843016577130386,yes
BIGANN (2M),P,Ours,0.029,0.9651825000000002,7.9892054854512935,2.5184400041279567,0.043084160999030896,0.02308416099903099,yes
BIGANN (2M),P,Ada-ef,0.029,0.9558325,2.0139763076260784,-14.381895432951575,0.028913604314994457,0.008913604314994439,yes
BIGANN (2M),P,Ada-ef WAE,0.029,0.95775875,2.2136884150722564,-13.543972083380046,0.024071502526345268,0.00407150252634525,yes
BIGANN (2M),R,Ours,0.029,0.96386875,7.0493589573476765,1.3981286392790744,0.05710599974836217,0.027105999748362253,yes
BIGANN (2M),R,Ada-ef,0.029,0.9597237500000001,0.24864306091204888,-15.508115504399969,0.01889894137297965,0.00889894137297964,yes
BIGANN (2M),R,Ada-ef WAE,0.029,0.9632937500000001,1.345045329013337,-13.410706302636887,0.028820465702384057,0.00882046570238415,yes
LAION-I2I,P,Ours,0.034,0.9570698000000001,10.85966379340803,6.014214318909036,0.00147299226265514,0.013400307009800883,yes
LAION-I2I,P,Ada-ef,0.034,0.9511671,-12.449995476604412,-16.112278967286596,0.003471962237874368,0.01714965670794888,yes
LAION-I2I,P,Ada-ef WAE,0.034,0.9594824000000001,3.2646663241621465,0.3681958669596162,0.0010099999999999831,0.007133413378515474,yes
LAION-I2I,R,Ours,0.034,0.9556802,11.096437454508559,6.032459791218011,0.0029802946400813574,0.012383032105743652,yes
LAION-I2I,R,Ada-ef,0.034,0.9582349,-7.345460285436925,-10.75729726583633,7.326899846968327e-05,0.014196630531264076,yes
LAION-I2I,R,Ada-ef WAE,0.034,0.9632099000000001,9.332456211760038,5.119968296012894,0.000967874756528167,0.0049335500238010255,yes
DBpedia-1536,P,Ours,0.038,0.9639975000000001,4.325910325599843,3.8971119886560226,0.029298454249603312,0.009532302833068829,yes
DBpedia-1536,P,Ada-ef,0.038,0.9558075000000001,-9.674087534381783,-57.55177231385397,0.029356351788899504,0.019356351788899495,yes
DBpedia-1536,P,Ada-ef WAE,0.038,0.96846875,-2.05285990024255,-43.28019482671246,0.026922868655828935,0.004615245770552612,yes
DBpedia-1536,R,Ours,0.038,0.967095,5.322906756727966,2.0016928506356444,0.034118581170504925,0.009412387447003234,yes
DBpedia-1536,R,Ada-ef,0.038,0.9631225000000001,-0.4522576447516173,-45.50393958963034,0.03290268496381854,0.012902684963818523,yes
DBpedia-1536,R,Ada-ef WAE,0.038,0.9717275,3.199230303525498,-32.61120817721499,0.02121710929165832,0.005608554645829211,yes
MS MARCO-384,P,Ours,0.044,0.972914899713467,5.306769247908836,3.0559278429091026,0.024758784775495868,0.012398517361002726,yes
MS MARCO-384,P,Ada-ef,0.044,0.9713090257879655,5.330575643532284,0.9418853299027299,0.057898440955755026,0.02598561680602396,yes
MS MARCO-384,P,Ada-ef WAE,0.044,0.9764166189111749,7.152272754497509,4.429203240821197,0.04780150620424417,0.018939504295245935,yes
MS MARCO-384,R,Ours,0.044,0.9722025787965615,5.1343593354778445,3.785640178984268,0.026315895478154716,0.012465898920460461,yes
MS MARCO-384,R,Ada-ef,0.044,0.9720830945558738,5.19929839577547,0.47587640919149954,0.06798309409992587,0.030807484097645776,yes
MS MARCO-384,R,Ada-ef WAE,0.044,0.9769239255014327,7.089760416743604,2.604430260035062,0.055695730372383734,0.022336274873188677,yes
COCO-I2I,P,Ours,0.046,0.985345,3.7806539306361984,0.3710865450901383,0.01299940123377541,0.008666267489183532,yes
COCO-I2I,P,Ada-ef,0.046,0.9837500000000001,-7.368264604503868,-39.103377574706,0.010113641106151317,0.0034090940707675044,yes
COCO-I2I,P,Ada-ef WAE,0.046,0.9844937500000001,-6.627772226033343,-38.14655677844057,0.016887467600329997,0.0012583117335533966,yes
COCO-I2I,R,Ours,0.046,0.98511625,3.6758936980190677,0.2716153236677818,0.014065968373975113,-0.0006226877506831929,yes
COCO-I2I,R,Ada-ef,0.046,0.9847212500000001,-5.427714319562175,-37.619924058277995,0.0258696717471395,0.0005797811647596518,yes
COCO-I2I,R,Ada-ef WAE,0.046,0.9856437499999999,-4.44243445010363,-36.26501903372919,0.021581103684498948,0.007720735789665811,yes
Cohere-1024,P,Ours,0.049,0.951991482112436,3.3785089255750878,1.421275173987533,0.009348779032135823,0.006946637873569084,yes
Cohere-1024,P,Ada-ef,0.049,0.9647444633730836,-0.12291065853739969,-9.74596805449458,0.10316422745115439,0.05384306020420426,yes
Cohere-1024,P,Ada-ef WAE,0.049,0.9682657580919933,3.3852085037111688,-5.860524544247141,0.08969549512254082,0.04764825003772866,yes
Cohere-1024,R,Ours,0.049,0.9650298126064737,4.688147136682048,2.3316998024491498,0.017263598672750402,0.015662119909710115,yes
Cohere-1024,R,Ada-ef,0.049,0.9674701873935263,1.097928900480322,-9.238581853080046,0.09367609037155544,0.05579773647355002,yes
Cohere-1024,R,Ada-ef WAE,0.049,0.9775562180579217,10.883060057205913,4.420679046465695,0.05321701509287302,0.0267536005525304,yes
Yahoo-MiniLM,P,Ours,0.054,0.9669142857142857,5.88084911770628,3.062490074084544,0.036943437531659296,0.034144439820507966,yes
Yahoo-MiniLM,P,Ada-ef,0.054,0.9584428571428572,-3.8252331772260737,-25.436488630857824,0.05389273221605151,0.03252931175595952,yes
Yahoo-MiniLM,P,Ada-ef WAE,0.054,0.9696428571428573,1.0654745853582277,-17.773677384330966,0.03764037821538391,0.036372057867691376,yes
Yahoo-MiniLM,R,Ours,0.054,0.964057142857143,3.398515754813028,0.46907326728372456,0.046546874039451014,0.04100125353809436,yes
Yahoo-MiniLM,R,Ada-ef,0.054,0.9646714285714285,0.5239070233450228,-20.488390396818605,0.06456901598950071,0.03967827156488346,yes
Yahoo-MiniLM,R,Ada-ef WAE,0.054,0.9748142857142859,6.423222934591266,-10.956352496004516,0.04955667574817724,0.02009250681113295,yes
COCO-T2I,P,Ours,0.056,0.91352875,-0.4840647823545559,-1.7209057440432183,0.009598176770910127,0.006398379351920225,no
COCO-T2I,P,Ada-ef,0.056,0.9267262500000001,-0.009798620206279614,-20.937240541868885,-9.182329904544595e-06,-6.558807074674711e-06,no
COCO-T2I,P,Ada-ef WAE,0.056,0.9267262500000001,-0.009798620206279614,-20.872627466297832,-9.182329904544595e-06,-6.558807074674711e-06,no
COCO-T2I,R,Ours,0.056,0.959275,-0.20738590907456894,-0.9282966964550511,0.012789869040257362,-0.0003325982198069122,no
COCO-T2I,R,Ada-ef,0.056,0.9638587500000001,-0.1993317601636165,-15.999728194117605,0.006480530200860035,-0.002639602349355008,no
COCO-T2I,R,Ada-ef WAE,0.056,0.9638587500000001,-0.1993317601636165,-15.943244107292204,0.006480530200860035,-0.002639602349355008,no
ImageNet-ALIGN,P,Ours,0.058,0.88587,0.6145319029799913,-0.36575678678463935,0.004363095470140521,-0.00047336792233332314,no
ImageNet-ALIGN,P,Ada-ef,0.058,0.91602,-0.12232898196974451,-24.04143628217629,-0.0005557493249994105,-0.00010640523799421153,no
ImageNet-ALIGN,P,Ada-ef WAE,0.058,0.91602,-0.12232898196974451,-24.03572147901167,-0.0005557493249994105,-0.00010640523799421153,no
ImageNet-ALIGN,R,Ours,0.058,0.96277,-1.0186264700167726,-0.8747013530371814,0.004675446352288226,-0.0001836479248908951,no
ImageNet-ALIGN,R,Ada-ef,0.058,0.9506,-0.018813862081563,-18.963631038588076,8.054992297057417e-05,2.667215992402383e-05,no
ImageNet-ALIGN,R,Ada-ef WAE,0.058,0.9506,-0.018813862081563,-16.583269034674956,8.054992297057417e-05,2.667215992402383e-05,no
DeepImage-96,P,Ours,0.066,0.9515337500000001,-2.524072244226646,-8.878367066376391,0.08137033275316141,0.04109626620252915,yes
DeepImage-96,P,Ada-ef,0.066,0.952435,-9.192492463425864,-24.82628192174213,0.03823140908076206,0.01823140908076204,yes
DeepImage-96,P,Ada-ef WAE,0.066,0.9634674999999999,-4.717295625375137,-18.596141242690138,0.0262972761079876,0.007531517405325094,yes
DeepImage-96,R,Ours,0.066,0.95808375,0.5061663657783724,-7.069177577970312,0.08786241333414968,0.037862413334149636,yes
DeepImage-96,R,Ada-ef,0.066,0.9656187500000001,1.1880504498501507,-11.549685124161236,0.04785074757852947,0.011900498385686298,yes
DeepImage-96,R,Ada-ef WAE,0.066,0.9713987500000001,3.5910761923379697,-8.04091789764425,0.03405539707896066,0.01405539707896064,yes
Deep1B (2M),P,Ours,0.067,0.962105,4.927540287869664,-0.8414494623346317,0.07709523449077882,0.028257140694467275,yes
Deep1B (2M),P,Ada-ef,0.067,0.9595875,-0.45444673879355135,-23.82857475125262,0.034489707407888814,0.006734561111833126,yes
Deep1B (2M),P,Ada-ef WAE,0.067,0.96520625,0.8998168786491222,-19.915716581653992,0.02486414170529505,0.01091848502317705,yes
Deep1B (2M),R,Ours,0.067,0.9610062500000001,3.6749224762309116,-2.3597953995245833,0.08084660501839558,0.0312699075275934,yes
Deep1B (2M),R,Ada-ef,0.067,0.96055375,0.2576738726087765,-23.050578814029997,0.051922747092040034,0.013034120638060198,yes
Deep1B (2M),R,Ada-ef WAE,0.067,0.9674875,1.7751331861715558,-18.247491338618048,0.04514974498533553,0.005089846991201297,yes
Fashion-MNIST,P,Ours,0.073,0.9940862500000001,11.455984939512692,8.217241827033869,0.017277990423806622,-0.0013610047880966425,yes
Fashion-MNIST,P,Ada-ef,0.073,0.99406,-22.69147419492555,-58.8648708174822,-0.01248511902895133,-0.0012425595144757162,yes
Fashion-MNIST,P,Ada-ef WAE,0.073,0.9941375,-22.036122305048387,-58.376359455276685,-0.0031875560825305183,-0.0015937780412652591,yes
Fashion-MNIST,R,Ours,0.073,0.9921025,6.2450780151439105,4.478495439709076,0.0047378364972365805,-0.0001747756685089863,yes
Fashion-MNIST,R,Ada-ef,0.073,0.9938075,-24.64508918310616,-60.44986023184779,-0.01025849303949955,-0.00012924651974977053,yes
Fashion-MNIST,R,Ada-ef WAE,0.073,0.9938075,-24.64508918310616,-60.5152850312922,-0.01025849303949955,-0.00012924651974977053,yes
Landmark-DINO,P,Ours,0.076,0.9693571428571428,1.4081508969439103,0.0006782660699120053,0.03651317395803466,0.026480770107497276,yes
Landmark-DINO,P,Ada-ef,0.076,0.9621000000000001,-13.889476681379186,-39.44019605053183,0.014925795295867239,0.00492579529586723,yes
Landmark-DINO,P,Ada-ef WAE,0.076,0.9747571428571429,-5.177518730969219,-27.749838706003082,0.029614973119240995,0.009614973119240977,yes
Landmark-DINO,R,Ours,0.076,0.9681285714285716,4.003343958198567,1.803770978379491,0.03943964794707644,0.019492187012016493,yes
Landmark-DINO,R,Ada-ef,0.076,0.9547428571428572,-6.205354446013613,-36.52233970464496,-0.0007498371722118868,0.018650162827788197,yes
Landmark-DINO,R,Ada-ef WAE,0.076,0.9681714285714286,-1.59652542299172,-27.87415779745444,-0.0005639482311959876,0.008889106237615962,yes
Yambda,P,Ours,0.09,0.9874139999999999,0.37782403861811914,-1.259813286014063,-0.00343872993126193,-0.00343872993126193,yes
Yambda,P,Ada-ef,0.09,0.9782860000000001,-5.794615660118814,-40.30979679027125,-0.001013396998750582,-0.0005066984993752355,no
Yambda,P,Ada-ef WAE,0.09,0.9782860000000001,-5.794615660118814,-45.624233043708465,-0.001013396998750582,-0.0005066984993752355,no
Yambda,R,Ours,0.09,0.9833729999999999,2.4351684039651396,2.74837467877145,0.017096984635201595,0.008548492317600798,yes
Yambda,R,Ada-ef,0.09,0.978419,-5.714012531042295,-39.86006734539421,-0.0015172306214804587,-0.0007586153107402849,yes
Yambda,R,Ada-ef WAE,0.09,0.978419,-5.714012531042295,-44.45870985159031,-0.0015172306214804587,-0.0007586153107402849,yes
GIST-960,P,Ours,0.091,0.9571999999999999,0.31636712722069854,-0.04300035070546095,-0.0034729012474377097,-0.006422167307580828,yes
GIST-960,P,Ada-ef,0.091,0.9443571428571428,-3.3311045072956227,-7.864186595540315,-0.013271163079354942,-0.004972465542048554,yes
GIST-960,P,Ada-ef WAE,0.091,0.9508857142857144,-1.9752872234028267,-7.15522948917359,-0.004052796830309235,-0.0008753753247061624,yes
GIST-960,R,Ours,0.091,0.9514571428571428,-0.7831045012219672,-1.58098523573341,-0.015163793562323225,-0.0023665955044268605,yes
GIST-960,R,Ada-ef,0.091,0.9520428571428572,-5.700922649467988,-10.820272236881365,-0.04621249217727175,-0.003913425961475814,yes
GIST-960,R,Ada-ef WAE,0.091,0.9571142857142857,-0.32383168792370165,-5.842896028786023,-0.003087430816362313,-0.0062241185898603835,yes
iNat-ResNet,P,Ours,0.115,0.9792428571428572,3.722517393121726,-2.205417457669399,0.038161080783705836,0.01810074496714864,yes
iNat-ResNet,P,Ada-ef,0.115,0.969442857142857,-9.686997854579321,-102.99850673321411,-0.0006338855043099834,0.0020231532497323457,yes
iNat-ResNet,P,Ada-ef WAE,0.115,0.9745285714285715,-6.7895679341932125,-91.55554708226703,-0.0028995917814261807,0.002917001372359951,yes
iNat-ResNet,R,Ours,0.115,0.9761,4.259591731875243,3.1279438277419565,0.02966233291990006,0.01956378696335548,yes
iNat-ResNet,R,Ada-ef,0.115,0.9687571428571427,-7.54313013001477,-101.29233430577334,0.001868297047531775,0.0031332683261402483,yes
iNat-ResNet,R,Ada-ef WAE,0.115,0.9726142857142858,-5.494593071466661,-95.58929027496112,0.015923792563643957,0.016041838628350735,yes
SIFT-1M,P,Ours,0.126,0.95708875,2.0490206573690477,0.15761623884493808,0.02869510797678554,0.008695107976785632,yes
SIFT-1M,P,Ada-ef,0.126,0.9630425,-0.07874261010238327,-25.304560624486538,-6.883918081790341e-06,-4.589278721267576e-06,no
SIFT-1M,P,Ada-ef WAE,0.126,0.9630425,-0.07874261010238327,-25.332558064451145,-6.883918081790341e-06,-4.589278721267576e-06,no
SIFT-1M,R,Ours,0.126,0.96390125,2.6647336941272757,0.42074239253998696,0.02760050377431489,0.008400335849543361,yes
SIFT-1M,R,Ada-ef,0.126,0.9630975,-0.19633457950776756,-25.246992333641057,-0.00015844804468179152,-0.00010563202978786101,yes
SIFT-1M,R,Ada-ef WAE,0.126,0.9631587500000001,-0.14698052116753604,-25.208773135417466,0.009572498547743669,-0.00021833430150408617,yes
Last.fm,P,Ours,0.216,0.9846440000000001,-0.19291834315319006,-5.87556628110568,-0.007551739415187164,0.006979304233925121,no
Last.fm,P,Ada-ef,0.216,0.9742120000000001,-10.27698423050922,-86.80386173428356,0.027715454445473076,-0.0017852273143861286,no
Last.fm,P,Ada-ef WAE,0.216,0.996541,0.4481644086855703,-18.403010813491203,-0.005319716512552475,-0.005319716512552475,no
Last.fm,R,Ours,0.216,0.9712,-0.23548465063811452,-6.519646533693102,0.004876400534321701,0.005406833555967383,no
Last.fm,R,Ada-ef,0.216,0.9742120000000001,-10.27698423050922,-86.37672702172145,0.027715454445473076,-0.0017852273143861286,no
Last.fm,R,Ada-ef WAE,0.216,0.9742120000000001,-10.27698423050922,-86.37570740122594,0.027715454445473076,-0.0017852273143861286,no
