target,k,side,method,runs,less_work,worst_dc,faster,p1_ge_fixed,faster_p1,median_time_p1,within_1pt_of_target
0.9,100,Gaussian+band,Ada-ef,4,0/4,-30.120813674302344,0/4,2/4,1/4,-25.323170399222914,2/4
0.9,100,Gaussian+band,Ada-ef WAE,4,3/4,-2.1414271636381628,3/4,2/4,2/4,19.21498421514546,0/4
0.9,100,Gaussian+band,Ours,4,4/4,1.9171796711581308,4/4,4/4,4/4,11.011440722558458,0/4
0.9,100,Gaussian+band,Ours L30,4,4/4,1.1114947982639483,4/4,2/4,3/4,4.3865634980598065,0/4
0.9,100,Gaussian+band,Ours L30 scaled,4,4/4,0.607982209517453,4/4,3/4,3/4,7.167763202712804,3/4
0.9,100,Gaussian+band,Ours scaled,4,4/4,1.8069555540052689,4/4,4/4,4/4,10.91179060832167,3/4
0.9,100,non-Gaussian,Ada-ef,8,0/8,-12.111483601265059,0/8,4/8,0/8,-31.530807103754572,1/8
0.9,100,non-Gaussian,Ada-ef WAE,8,1/8,-6.691995861648421,0/8,5/8,0/8,-25.148946300590996,0/8
0.9,100,non-Gaussian,Ours,8,7/8,-2.1591796186384333,3/8,8/8,8/8,19.379289460740875,0/8
0.9,100,non-Gaussian,Ours L30,8,7/8,-1.3621535091342594,4/8,8/8,8/8,17.729952730385556,0/8
0.9,100,non-Gaussian,Ours L30 scaled,8,0/2,-0.5691788019284356,0/2,2/2,5/8,0.19680095052049962,3/8
0.9,100,non-Gaussian,Ours scaled,8,0/2,-0.3458786728105646,0/2,2/2,6/8,0.13017120563229984,3/8
0.95,10,Gaussian+band,Ada-ef,4,0/4,-109.1656979242057,0/4,2/4,1/4,-82.87416237042338,2/4
0.95,10,Gaussian+band,Ada-ef WAE,4,3/4,-29.086528037178322,3/4,3/4,2/4,2.0834126772122374,1/4
0.95,10,Gaussian+band,Ours,4,2/4,-18.34484877177652,2/4,3/4,2/4,7.340375140125262,2/4
0.95,10,Gaussian+band,Ours L30,4,2/4,-9.002525828137603,2/4,3/4,1/4,-20.71390942918369,2/4
0.95,10,Gaussian+band,Ours L30 scaled,4,2/4,-10.876942398444047,2/4,4/4,2/4,0.6551194408043184,2/4
0.95,10,Gaussian+band,Ours scaled,4,2/4,-23.984046832743978,2/4,4/4,2/4,7.4900583365203985,2/4
0.95,10,non-Gaussian,Ada-ef,8,0/8,-30.478652260177757,0/8,5/8,0/8,-86.50500875106574,4/8
0.95,10,non-Gaussian,Ada-ef WAE,8,0/8,-27.828508763683075,0/8,5/8,0/8,-89.1057321927016,2/8
0.95,10,non-Gaussian,Ours,8,0/8,-18.78975202043125,0/8,8/8,3/8,-7.081224676452146,1/8
0.95,10,non-Gaussian,Ours L30,8,0/8,-19.363338039076154,0/8,8/8,3/8,-12.364970139742493,1/8
0.95,10,non-Gaussian,Ours L30 scaled,8,0/8,-20.56098549602424,0/8,6/8,3/8,-8.621953248670463,4/8
0.95,10,non-Gaussian,Ours scaled,8,0/8,-19.246500660670538,0/8,7/8,3/8,-4.32406484046407,4/8
0.95,100,Gaussian+band,Ada-ef,4,2/4,-8.992677947860853,1/4,2/4,1/4,-13.005207875294857,2/4
0.95,100,Gaussian+band,Ada-ef WAE,4,3/4,-0.43297369555936854,3/4,2/4,3/4,21.571780964486372,0/4
0.95,100,Gaussian+band,Ours,4,4/4,1.9247354021511194,4/4,4/4,4/4,10.050050569599215,3/4
0.95,100,Gaussian+band,Ours L30,4,4/4,1.2737180646178479,4/4,4/4,4/4,6.440841859091286,3/4
0.95,100,Gaussian+band,Ours L30 scaled,4,4/4,1.2143198109243798,4/4,4/4,4/4,7.126550114606127,3/4
0.95,100,Gaussian+band,Ours scaled,4,4/4,2.361765771206051,4/4,4/4,4/4,10.321099065493465,3/4
0.95,100,non-Gaussian,Ada-ef,8,2/8,-13.889476681379186,0/8,5/8,1/8,-17.001164295244532,3/8
0.95,100,non-Gaussian,Ada-ef WAE,8,3/8,-5.177518730969219,0/8,6/8,2/8,-6.46141641501384,0/8
0.95,100,non-Gaussian,Ours,8,7/8,-2.524072244226646,4/8,8/8,8/8,26.260058772526936,3/8
0.95,100,non-Gaussian,Ours L30,8,7/8,-1.939074009270128,4/8,8/8,8/8,24.676213427463992,3/8
0.95,100,non-Gaussian,Ours L30 scaled,8,6/8,-3.581296485484554,3/8,8/8,8/8,17.445299424638115,6/8
0.95,100,non-Gaussian,Ours scaled,8,6/8,-4.541674687274569,2/8,8/8,8/8,17.316834817785836,7/8
0.99,100,Gaussian+band,Ada-ef,4,2/4,-11.950680152162295,2/4,2/4,2/4,-0.6477720046439925,2/4
0.99,100,Gaussian+band,Ada-ef WAE,4,3/4,-0.3906006772586982,3/4,2/4,2/4,9.707575400178797,4/4
0.99,100,Gaussian+band,Ours,4,4/4,2.614384318060789,4/4,4/4,4/4,11.069014087131938,0/4
0.99,100,Gaussian+band,Ours L30,4,4/4,1.16711627399546,4/4,4/4,4/4,6.94402091671201,0/4
0.99,100,Gaussian+band,Ours L30 scaled,4,4/4,1.1890799089760065,4/4,4/4,4/4,6.858017578990907,3/4
0.99,100,Gaussian+band,Ours scaled,4,4/4,2.495480956229251,4/4,4/4,4/4,9.450573678170795,3/4
0.99,100,non-Gaussian,Ada-ef,8,2/8,-16.336892677966176,0/8,7/8,4/8,-2.4173192211845644,8/8
0.99,100,non-Gaussian,Ada-ef WAE,8,5/8,-3.0762040761573695,3/8,6/8,5/8,1.4655827874908596,8/8
0.99,100,non-Gaussian,Ours,8,6/8,-1.9942200495854445,3/8,8/8,8/8,20.030767918662306,8/8
0.99,100,non-Gaussian,Ours L30,8,6/8,-0.9797923321657591,3/8,8/8,8/8,19.392465391146157,8/8
0.99,100,non-Gaussian,Ours L30 scaled,8,8/8,0.9853630802306655,5/8,8/8,8/8,19.507426113507016,8/8
0.99,100,non-Gaussian,Ours scaled,8,7/8,-0.10075208807149957,4/8,8/8,8/8,18.68652251391324,8/8
