dataset,ks,target,k,setting,method,mean_r,p1,scale,p5_gain,p1_gain,save_dc,save_lat,save_dc_p1,save_lat_p1
deep1b,0.067,0.9,100,P,Ours,0.9412162500000001,0.75,,0.04104772052826278,0.06130965066032856,4.03619446607233,-0.8353479672714268,30.501626805699427,26.788524839938756
deep1b,0.067,0.9,100,P,Ada-ef,0.9293925,0.68,,0.02115217648556078,0.028940220606950895,-3.3598136953259075,-38.48243404814162,6.451441489716382,-26.669702753911444
deep1b,0.067,0.9,100,P,Ada-ef WAE,0.938965,0.7,,0.017221019133842996,0.019026273917303715,-0.9202616503035302,-32.26769369446118,6.85013993827843,-22.49784296143313
deep1b,0.067,0.9,100,R,Ours,0.9405075,0.76,,0.04301636800403652,0.07377046000504583,3.3960361289990435,-1.8008019002214068,33.554629023237574,29.6786738491256
deep1b,0.067,0.9,100,R,Ada-ef,0.9290637500000001,0.7,,0.02191520905469313,0.04989401131836635,-3.0115041177185358,-38.443052544317204,14.51497379866814,-16.42481256254663
deep1b,0.067,0.9,100,R,Ada-ef WAE,0.9403425,0.72,,0.013471311442659117,0.034339139303323885,-0.41973722864725493,-31.424356532057768,14.598614768334805,-11.88114041615749
deep1b,0.067,0.9,100,P,Ours scaled,0.90079125,0.59,0.25,,,,,-0.03936029290355567,0.13493924771422655
deep1b,0.067,0.9,100,P,Ours L30,0.93890375,0.74,,0.03738577715154212,0.05923222143942786,3.3780462203763815,-1.6044725496714023,28.911450091862033,24.97697504973019
deep1b,0.067,0.9,100,P,Ours L30 scaled,0.90079125,0.59,0.25,,,,,-0.03936029290355567,0.3723329311594235
deep1b,0.067,0.9,100,R,Ours scaled,0.90079125,0.59,0.25,,,,,-0.03936029290355567,0.10308033824681362
deep1b,0.067,0.9,100,R,Ours L30,0.9407574999999999,0.75,,0.03232464992845008,0.0629058124105627,3.0228223482147834,-1.9306593683072846,30.153000600137815,25.989319482994993
deep1b,0.067,0.9,100,R,Ours L30 scaled,0.90079125,0.59,0.25,,,,,-0.03936029290355567,0.02126896988157571
deep1b,0.067,0.95,10,P,Ours,0.9118625,0.5,,0.05369710250171178,0.09999999999999998,-18.726466221700008,-26.632550404593463,7.999702611260033,-0.04260318133383377
deep1b,0.067,0.95,10,P,Ada-ef,0.9253000000000001,0.4,,0.0,-0.009865215936951721,-24.484879360338905,-103.24143398820715,-51.99125353745387,-144.63567403665274
deep1b,0.067,0.95,10,P,Ada-ef WAE,0.9276375,0.5,,0.0,0.07677945757074517,-22.86349219457979,-103.25734920399927,-8.986246938530778,-82.0148989910778
deep1b,0.067,0.95,10,R,Ours,0.9610125,0.7,,0.0,0.09999999999999998,-0.035830251328327546,-6.231492259804214,30.982345439655095,27.326166787413182
deep1b,0.067,0.95,10,R,Ada-ef,0.957725,0.6,,0.01044425185073472,0.01044425185073472,-8.141529105274218,-64.7549604085838,-6.798481058261778,-62.83519593590052
deep1b,0.067,0.95,10,R,Ada-ef WAE,0.9659625000000001,0.7,,0.0,0.09999999999999998,-3.011911575557064,-52.733658051857724,22.231513673247104,-13.26354211593756
deep1b,0.067,0.95,10,P,Ours scaled,0.882925,0.4,0.784796561133545,0.053462151348712794,0.053462151348712794,-19.246500660670538,-29.071503963076868,-5.852099003303675,-15.315850210708525
deep1b,0.067,0.95,10,P,Ours L30,0.9031625000000001,0.4,,-0.01068891492664581,0.0,-19.363338039076154,-24.98309144111552,-21.7372789792219,-27.232688920472057
deep1b,0.067,0.95,10,P,Ours L30 scaled,0.8673125000000002,0.3,0.7638324544533578,0.08989481711937075,-0.0051051828806337185,-20.56098549602424,-27.411606548113788,-21.9405390269207,-28.79009925245542
deep1b,0.067,0.95,10,R,Ours scaled,0.949625,0.6,0.8454623996346526,0.10000000000000009,0.09999999999999998,-1.7747591147123223,-8.884790064417018,10.434854895240214,3.0025820233082023
deep1b,0.067,0.95,10,R,Ours L30,0.9605750000000001,0.7,,0.0,0.09999999999999998,-1.645669943844607,-7.61502115088142,30.38880667821195,26.524206877420564
deep1b,0.067,0.95,10,R,Ours L30 scaled,0.9484625000000001,0.6,0.830150786286541,0.10000000000000009,0.09999999999999998,-2.9899212603521628,-8.52004036550558,10.819935232567527,4.744020984592066
deep1b,0.067,0.95,100,P,Ours,0.962105,0.82,,0.028257140694467275,0.07709523449077882,4.927540287869664,-0.8414494623346317,34.98676770165388,30.898133557605174
deep1b,0.067,0.95,100,P,Ada-ef,0.9595875,0.77,,0.006734561111833126,0.034489707407888814,-0.45444673879355135,-23.82857475125262,14.228076187206307,-7.483007531937888
deep1b,0.067,0.95,100,P,Ada-ef WAE,0.96520625,0.78,,0.01091848502317705,0.02486414170529505,0.8998168786491222,-19.915716581653992,10.968659509168525,-8.932115523714131
deep1b,0.067,0.95,100,R,Ours,0.9610062500000001,0.82,,0.0312699075275934,0.08084660501839558,3.6749224762309116,-2.3597953995245833,35.301110781790065,31.15190698503939
deep1b,0.067,0.95,100,R,Ada-ef,0.96055375,0.7898999999999999,,0.013034120638060198,0.051922747092040034,0.2576738726087765,-23.050578814029997,20.590592337377178,-0.37741547918133755
deep1b,0.067,0.95,100,R,Ada-ef WAE,0.9674875,0.81,,0.005089846991201297,0.04514974498533553,1.7751331861715558,-18.247491338618048,21.67920006210175,6.0171021541320275
deep1b,0.067,0.95,100,P,Ours scaled,0.9470437500000001,0.77,0.7981903197898753,0.036398347655395846,0.06639834765539587,2.8034544330530795,-2.57406095219382,30.656970295194153,24.196528380965667
deep1b,0.067,0.95,100,P,Ours L30,0.9602212499999999,0.81,,0.02431762450272068,0.07287841633514713,4.278037826485448,-0.7427408857629414,32.67754999174773,26.728159611368103
deep1b,0.067,0.95,100,P,Ours L30 scaled,0.94508,0.76,0.8019813680959258,0.031450900226986045,0.06145090022698607,2.315735189716037,-2.4980815871898323,29.02004088764546,22.996844108247704
deep1b,0.067,0.95,100,R,Ours scaled,0.9478087499999999,0.78,0.8267860416227157,0.04437917873681807,0.07437917873681821,1.4787437264666208,-4.101008965287222,32.00676093541118,25.37582235862076
deep1b,0.067,0.95,100,R,Ours L30,0.9610925,0.81,,0.030931312883765716,0.07062087525584393,3.064656675172873,-1.952865561967073,30.831831883009148,24.77873485731176
deep1b,0.067,0.95,100,R,Ours L30 scaled,0.94838125,0.78,0.8318382901633683,0.03284864393737563,0.07284864393737578,0.9961172178180537,-3.9684589269320556,31.159184650560228,24.968806836484884
deep1b,0.067,0.99,100,P,Ours,0.9868087499999999,0.91,,0.015696349543826482,0.04569634954382651,0.07090250591096818,-6.935068360300391,27.15142002019147,19.828744476302578
deep1b,0.067,0.99,100,P,Ada-ef,0.9900075,0.91,,-9.971957321808222e-05,0.024850420640172843,-0.2510874934778106,-10.581945703829295,15.279535809156252,5.145000513585345
deep1b,0.067,0.99,100,P,Ada-ef WAE,0.99244875,0.92,,-0.0020921816677665905,0.013744376813377812,2.7782612267266655,-5.2654028811722124,10.469234771950601,2.365610003218252
deep1b,0.067,0.99,100,R,Ours,0.9856762500000001,0.91,,0.012751162998054344,0.05275116299805438,5.059612180900191,-1.7748382548875803,33.90570165110636,26.853562237516527
deep1b,0.067,0.99,100,R,Ada-ef,0.9925087499999999,0.93,,-0.002320568870395001,0.023061499077518977,7.056202043907896,-1.2966891649126615,19.132433564788553,10.788559778972587
deep1b,0.067,0.99,100,R,Ada-ef WAE,0.9943475,0.94,,0.0,0.009651165705272025,8.724354092771955,2.2901474348814057,21.054872052672398,14.269587386524755
deep1b,0.067,0.99,100,P,Ours scaled,0.99040375,0.93,1.151968735514111,0.007965468029556666,0.041948202044335026,3.036175013880697,-3.869069411224345,25.829326450323375,18.536097481214938
deep1b,0.067,0.99,100,P,Ours L30,0.9859937500000001,0.91,,0.010831226987729647,0.05083122698772968,1.5948727449043816,-4.726543785286534,30.628989141832964,23.828719513801634
deep1b,0.067,0.99,100,P,Ours L30 scaled,0.9900187500000001,0.93,1.1724221971087425,0.009846415010361653,0.044769622515542506,4.071172332236747,-2.111444474999435,28.116257189081445,21.406919965225864
deep1b,0.067,0.99,100,R,Ours scaled,0.989195,0.93,1.1418762039695616,0.013638375928641255,0.050457563892961965,7.249628924799234,0.343253077551315,33.32356044717415,26.27094218253083
deep1b,0.067,0.99,100,R,Ours L30,0.98568625,0.91,,0.012691344386145387,0.05269134438614542,4.154794196935878,-2.0501929780900867,33.24971742791086,26.539391825658974
deep1b,0.067,0.99,100,R,Ours L30 scaled,0.989535,0.92,1.1605782120274986,0.012109523792555144,0.03816428568883268,6.345913049854881,0.13421327808827288,27.24146167031626,20.671104863635765
deepimage96,0.066,0.9,100,P,Ours,0.9264512500000001,0.7,,0.037190203377076125,0.09578530506561411,-2.1591796186384333,-10.894531487008667,32.334153473728975,26.793726901533898
deepimage96,0.066,0.9,100,P,Ada-ef,0.8900625,0.55,,0.01806781500099386,0.038162984538496425,-12.111483601265059,-48.386747359630945,4.70681098741073,-27.284065729884404
deepimage96,0.066,0.9,100,P,Ada-ef WAE,0.9121624999999999,0.61,,0.0138151479668851,0.052268934958606406,-6.691995861648421,-35.886347653491576,9.605228608317699,-16.534263429442785
deepimage96,0.066,0.9,100,R,Ours,0.93218,0.71,,0.04726949260568658,0.09090423890852972,1.1334016396318423,-8.655649229108734,33.25283297159972,28.2630948892532
deepimage96,0.066,0.9,100,R,Ada-ef,0.92898875,0.66,,0.02289482958521938,0.04934224437782908,-1.5949403998698823,-28.289701241544957,17.705961011084277,-4.891898401604339
deepimage96,0.066,0.9,100,R,Ada-ef WAE,0.9386737500000001,0.68,,0.024200535361400655,0.04275066920175086,0.5809169083818772,-21.11457520549221,17.224668927126803,-1.206156187072297
deepimage96,0.066,0.9,100,P,Ours scaled,0.88400875,0.58,0.5314075480660506,0.03928192423761889,0.07936336038914371,-0.03353679685322267,-7.248820327405232,25.622479601730674,18.395750515137543
deepimage96,0.066,0.9,100,P,Ours L30,0.9239512500000001,0.68,,0.04228806630912041,0.08286008288640057,-1.3621535091342594,-8.814106757345606,28.57150918820439,24.03964785341201
deepimage96,0.066,0.9,100,P,Ours L30 scaled,0.8806025000000001,0.57,0.5445161994057187,0.02543705080341796,0.07550617670181109,-0.5691788019284356,-7.24759543891995,24.92940424755942,18.08990741498524
deepimage96,0.066,0.9,100,R,Ours scaled,0.90257,0.64,0.7186879987244912,0.044628070219660865,0.10466464039521006,-0.3458786728105646,-5.934224929006587,31.277272773816904,23.186284365785756
deepimage96,0.066,0.9,100,R,Ours L30,0.93197875,0.7,,0.03763198840534554,0.08144798260801822,1.1583475086668948,-4.98338419336822,30.422323219326703,24.233106696198465
deepimage96,0.066,0.9,100,R,Ours L30 scaled,0.90201125,0.63,0.7177156949956024,0.045737878765823914,0.09577722346273854,-0.3322963294008633,-4.887782510924032,28.61680108503821,21.182076575900208
deepimage96,0.066,0.95,10,P,Ours,0.8979375,0.4,,0.03216592255556194,0.03216592255556194,-14.513678876625994,-26.822169616151797,-9.020992326507082,-21.195344802794136
deepimage96,0.066,0.95,10,P,Ada-ef,0.901425,0.4,,0.014209181555262851,0.014209181555262795,-20.91219639589862,-90.88386368070655,-18.31506448904757,-87.09523654936143
deepimage96,0.066,0.95,10,P,Ada-ef WAE,0.9176125,0.4,,0.0,0.0,-12.203541756993259,-74.18556223266236,-26.771129763640804,-96.48657862135023
deepimage96,0.066,0.95,10,R,Ours,0.9610500000000001,0.7,,0.0,0.09999999999999998,-4.598080282011404,-11.440380368471283,30.75664507595815,22.114215226331496
deepimage96,0.066,0.95,10,R,Ada-ef,0.9587374999999999,0.6,,0.005002412465425765,0.005002412465425765,-6.9633818250456505,-39.47697281701632,-5.8721015592949,-38.19575791640259
deepimage96,0.066,0.95,10,R,Ada-ef WAE,0.9684375,0.7,,-0.0041159013558372815,0.0958840986441627,-0.6441643876657581,-27.433090687884516,22.55199219732247,-2.4997156913273777
deepimage96,0.066,0.95,10,P,Ours scaled,0.87265,0.4,0.8167734140995249,0.09999999999999998,0.10000000000000003,-16.006854354152342,-27.59218955274348,7.826627671645105,-3.354596755218664
deepimage96,0.066,0.95,10,P,Ours L30,0.8902,0.4,,0.06990762053597166,0.06990762053597172,-16.51724417272848,-27.291277080219007,-4.711724592445372,-14.069441299767819
deepimage96,0.066,0.95,10,P,Ours L30 scaled,0.863675,0.3,0.8223209203422682,0.0,0.0,-18.476079772272886,-25.125084524851665,-23.55220075225137,-28.838611533128034
deepimage96,0.066,0.95,10,R,Ours scaled,0.9484375000000002,0.6,0.8223209203422682,0.08621617070074894,0.08621617070074883,-7.448858576493038,-17.039400648833116,9.958127065280234,0.12300350223835564
deepimage96,0.066,0.95,10,R,Ours L30,0.9609125000000001,0.7,,0.0,0.09999999999999998,-5.064797556435021,-14.795313841388078,30.623226464868548,20.84734055743538
deepimage96,0.066,0.95,10,R,Ours L30 scaled,0.94945,0.6,0.8200974106939182,0.0789885441317979,0.07898854413179779,-5.870533403674903,-14.286403809433454,9.95647476400586,1.1671907492014515
deepimage96,0.066,0.95,100,P,Ours,0.9515337500000001,0.76,,0.04109626620252915,0.08137033275316141,-2.524072244226646,-8.878367066376391,31.080204064058464,23.771674356671284
deepimage96,0.066,0.95,100,P,Ada-ef,0.952435,0.72,,0.01823140908076204,0.03823140908076206,-9.192492463425864,-24.82628192174213,7.746644352659042,-8.694007619869632
deepimage96,0.066,0.95,100,P,Ada-ef WAE,0.9634674999999999,0.75,,0.007531517405325094,0.0262972761079876,-4.717295625375137,-18.596141242690138,8.171284700151183,-3.990717306313548
deepimage96,0.066,0.95,100,R,Ours,0.95808375,0.79,,0.037862413334149636,0.08786241333414968,0.5061663657783724,-7.069177577970312,36.310934206246905,28.748443188382588
deepimage96,0.066,0.95,100,R,Ada-ef,0.9656187500000001,0.78,,0.011900498385686298,0.04785074757852947,1.1880504498501507,-11.549685124161236,24.03730669844542,11.956300478115212
deepimage96,0.066,0.95,100,R,Ada-ef WAE,0.9713987500000001,0.79,,0.01405539707896064,0.03405539707896066,3.5910761923379697,-8.04091789764425,19.376130718056235,8.684760965709277
deepimage96,0.066,0.95,100,P,Ours scaled,0.9409125,0.73,0.8733836930995844,0.04896938414671059,0.08621173018338824,-4.541674687274569,-12.597531603058798,28.615597451161868,20.442184514020134
deepimage96,0.066,0.95,100,P,Ours L30,0.94945625,0.75,,0.03700022651444601,0.07875028314305754,-1.939074009270128,-9.377483022112239,29.142507591289903,21.06945629725342
deepimage96,0.066,0.95,100,P,Ours L30 scaled,0.9388762500000001,0.73,0.8751590794419333,0.043735287545579093,0.09216910943197376,-3.581296485484554,-10.462355279228094,31.054303083034984,23.736425681139128
deepimage96,0.066,0.95,100,R,Ours scaled,0.95078375,0.7698999999999999,0.8961405181155383,0.0432563507021978,0.09397043837774721,-0.40883445794797696,-9.101570976068745,37.441773814285575,31.98646985407418
deepimage96,0.066,0.95,100,R,Ours L30,0.9576912500000001,0.78,,0.0293640787812689,0.07936407878126894,0.2735106863748759,-7.5731835504480385,33.75268991772236,29.124667371459186
deepimage96,0.066,0.95,100,R,Ours L30 scaled,0.95049125,0.76,0.8997875124702674,0.044089873931704604,0.08511234241463084,-0.8485340800088779,-9.103045435218872,33.285077770691295,27.406797366349817
deepimage96,0.066,0.99,100,P,Ours,0.98195375,0.87,,0.019727226999481373,0.04959084049922202,-1.9942200495854445,-11.140489573721252,26.542854556328965,20.232791361022038
deepimage96,0.066,0.99,100,P,Ada-ef,0.9889425,0.89,,0.0009488567590205665,0.02189771351804115,-0.5971817327123788,-4.350350482743373,13.060979996843153,9.057489505125146
deepimage96,0.066,0.99,100,P,Ada-ef WAE,0.9918925000000001,0.91,,0.006382927209801936,0.01457439081470302,3.302783335746321,0.383748883454689,13.112569595682311,9.000762227880681
deepimage96,0.066,0.99,100,R,Ours,0.9846712500000001,0.89,,0.018019235729873406,0.052028853594810354,3.9382630256832964,-4.281054349151146,32.64263776510964,25.964492615941552
deepimage96,0.066,0.99,100,R,Ada-ef,0.99234125,0.92,,0.0034083412181734607,0.02011251182726015,5.689827606813574,-1.4126430336982283,18.632996701609457,11.292268693603532
deepimage96,0.066,0.99,100,R,Ada-ef WAE,0.99434,0.93,,-0.0011517780944083622,0.0076964438111831734,9.577757376587638,5.162843646411005,16.935338797032276,12.555117540336546
deepimage96,0.066,0.99,100,P,Ours scaled,0.98759375,0.9,1.2243297623766054,0.015797755052253892,0.041595510104507905,2.1577490430106536,-6.410741453537681,26.998280177386075,20.389817804162494
deepimage96,0.066,0.99,100,P,Ours L30,0.9811312500000001,0.87,,0.013765614230059176,0.05627602371676532,-0.30167091987657035,-10.0279897298517,29.886044503664028,22.010470374321272
deepimage96,0.066,0.99,100,P,Ours L30 scaled,0.9874462500000001,0.9,1.2502924817703087,0.006295701357731831,0.0425914027154638,3.9433196670525423,-5.026506186200293,28.869876912129435,21.984629822361203
deepimage96,0.066,0.99,100,R,Ours scaled,0.99029625,0.92,1.2690509571917332,0.015055099138344685,0.04011019827668938,9.00002113375903,-1.3712244503231785,31.68133221129314,23.777251658643102
deepimage96,0.066,0.99,100,R,Ours L30,0.9845787500000002,0.8898999999999999,,0.008450823880303382,0.05257623582045512,3.765261233919062,-6.516456017823762,32.73718961512512,23.582645583980202
deepimage96,0.066,0.99,100,R,Ours L30 scaled,0.9902562500000001,0.92,1.2750783836867325,0.015243316537211338,0.040486633074422795,8.531650881959012,0.3524380633833538,31.49948327345639,25.243409582824395
glove100,0.018,0.9,100,P,Ours,0.9215462500000001,0.61,,0.027819046071432818,0.03781904607143294,6.107650805923793,2.7965218142550645,20.541514306594717,16.971431412690986
glove100,0.018,0.9,100,P,Ada-ef,0.9033775,0.57,,0.08782445180495968,0.05782445180495965,-30.120813674302344,-45.50758927278207,-0.8917081230097588,-14.577848880542177
glove100,0.018,0.9,100,P,Ada-ef WAE,0.95489125,0.78,,0.043033133463420525,0.06563976015610473,23.044538446691117,16.242560847663,44.44924443224079,38.780724407653665
glove100,0.018,0.9,100,R,Ours,0.9153025,0.5898999999999999,,0.02957700840310107,0.03947700840310098,4.691577691801492,1.3548080455393428,19.91439614417477,16.56091137377257
glove100,0.018,0.9,100,R,Ada-ef,0.912615,0.65,,0.10850873784021786,0.10850873784021786,-6.395193115730737,-20.1683196856863,32.46660896493541,21.98968958411362
glove100,0.018,0.9,100,R,Ada-ef WAE,0.95159375,0.78,,0.055611330617413524,0.08073359674089631,22.14697388443713,16.047565631209576,47.69248391172186,42.67645353748089
glove100,0.018,0.9,100,P,Ours scaled,0.9002425000000001,0.54,0.7304588970903236,0.02768974130030666,0.03768974130030667,5.739947613817685,2.6415636587717173,20.12127962285963,16.65900967396291
glove100,0.018,0.9,100,P,Ours L30,0.914,0.56,,0.013940633996046059,0.013940633996046059,5.036043808202971,2.6127659948535173,10.689443392881778,8.072278867592967
glove100,0.018,0.9,100,P,Ours L30 scaled,0.893085,0.5,0.7424225829363764,0.018437613807355646,0.021250151743140877,5.011224941230338,2.7498271945401687,12.869094140173583,10.322068528931373
glove100,0.018,0.9,100,R,Ours scaled,0.897915,0.53,0.7869243604692311,0.03481546487694254,0.03481546487694259,3.633301129419523,0.49214399308962115,17.28297067862754,13.766289278742258
glove100,0.018,0.9,100,R,Ours L30,0.9155774999999999,0.57,,0.018647129089178094,0.018647129089178094,4.823357755198763,2.300206613849899,12.325146774555028,9.563220100507063
glove100,0.018,0.9,100,R,Ours L30 scaled,0.8987062499999999,0.52,0.7911972819298345,0.02241141768877397,0.022411417688774027,4.022931261461546,1.608512784086485,12.997813275845035,10.246911834135181
glove100,0.018,0.95,10,P,Ours,0.9330875,0.5,,0.09999999999999998,0.09999999999999998,-18.34484877177652,-20.61861245658643,25.38096733807109,21.79812136733324
glove100,0.018,0.95,10,P,Ada-ef,0.8820125000000001,0.2,,0.06535589977608136,-0.03464410022391862,-109.1656979242057,-133.63867011133385,-124.96248717022225,-150.06554679234435
glove100,0.018,0.95,10,P,Ada-ef WAE,0.956675,0.6,,0.062026372053280876,0.062026372053280765,19.27169006443762,10.480210607193357,29.575254233290444,21.280422562959107
glove100,0.018,0.95,10,R,Ours,0.94925,0.6,,0.022036864205720486,0.12203686420572046,-0.6253216451518376,-3.7699334043127077,27.056546342624628,23.329870999261207
glove100,0.018,0.95,10,R,Ada-ef,0.9539375,0.6,,0.0910774812034757,0.09107748120347559,-1.2142635135727944,-15.519318791522501,17.173995409432607,4.349572969833155
glove100,0.018,0.95,10,R,Ada-ef WAE,0.9791125,0.7,,0.019379422684577263,0.019379422684577263,30.085996173272754,23.886104807615283,38.794902038052115,32.90965353537187
glove100,0.018,0.95,10,P,Ours scaled,0.906625,0.4,0.6563685983778996,0.08655995412968287,0.08655995412968293,-23.984046832743978,-26.52573467879702,2.458013352197431,-0.6740930297509602
glove100,0.018,0.95,10,P,Ours L30,0.932175,0.4,,0.0,0.0,-9.002525828137603,-10.883734662688422,-32.89258868406479,-33.697265728277806
glove100,0.018,0.95,10,P,Ours L30 scaled,0.9166875000000001,0.4,0.7633155900388465,0.02968053244578195,0.029680532445782004,-10.876942398444047,-12.794825067700568,-2.122387189300307,-4.292609435344491
glove100,0.018,0.95,10,R,Ours scaled,0.94805,0.5989999999999994,0.9772481645596449,0.028631470349125276,0.12763147034912475,-1.3961667788426124,-4.570235889643316,28.541333604754403,24.769735532830197
glove100,0.018,0.95,10,R,Ours L30,0.9485750000000001,0.5,,0.025765274851541897,0.02576527485154184,-2.757215341829126,-4.876327627826443,8.749996415172207,6.203315323515917
glove100,0.018,0.95,10,R,Ours L30 scaled,0.948875,0.5,1.0067919769999607,0.024114282263002162,0.024114282263002107,-2.680757458177294,-4.795280030915602,8.121320449910128,5.602848316953128
glove100,0.018,0.95,100,P,Ours,0.94847,0.72,,0.026760165790070567,0.03411219894808459,4.907944217031947,0.46759903684246057,19.142925543295636,14.680024438427457
glove100,0.018,0.95,100,P,Ada-ef,0.9399675,0.69,,0.05398619488037848,0.04331032480063057,-8.554550703678544,-21.656257638955413,9.260622783341313,-2.6756010776225163
glove100,0.018,0.95,100,P,Ada-ef WAE,0.97333,0.86,,0.030254005751173763,0.05033867433489825,27.223962260335355,21.68031695246395,47.08947378225602,42.266179010472186
glove100,0.018,0.95,100,R,Ours,0.9427537500000001,0.69,,0.025514413847754436,0.02919068974625727,5.942139526804338,1.3991445618677827,17.265063070628013,12.697173820947397
glove100,0.018,0.95,100,R,Ada-ef,0.95321375,0.7798999999999999,,0.059542723960454125,0.07335126875254494,11.516968275825263,0.03969434397539913,38.425369023414,29.21150348600221
glove100,0.018,0.95,100,R,Ada-ef WAE,0.973855,0.86,,0.02843016577130386,0.04790688769507179,26.465610170910615,21.252871210619357,45.73136046988652,41.08278032843433
glove100,0.018,0.95,100,P,Ours scaled,0.9523375,0.73,1.0729348675259756,0.02285082718600051,0.027420992623200635,5.8259409289436075,2.400079954600237,17.3354355194809,13.790593154433969
glove100,0.018,0.95,100,P,Ours L30,0.9428900000000001,0.68,,0.015089628965483382,0.018482714942472223,4.0757310403163975,1.6632002489183735,11.288844644461362,8.696397701749458
glove100,0.018,0.95,100,P,Ours L30 scaled,0.95020625,0.71,1.1426494033949515,0.010649644064798736,0.016779572877758442,4.920990013662694,2.4080440364483424,12.210526065574454,9.544603991572098
glove100,0.018,0.95,100,R,Ours scaled,0.94769875,0.71,1.0912461489220715,0.01940872604536137,0.027290471254433624,6.616530700480913,3.078922021404105,17.97852705023316,14.344899293916527
glove100,0.018,0.95,100,R,Ours L30,0.9429575,0.68,,0.014878809534216386,0.01813134922369397,5.957783666005434,3.3643831874510735,12.918942136607505,10.170834051743245
glove100,0.018,0.95,100,R,Ours L30 scaled,0.9493125,0.7,1.1249975620323833,0.013821235634913664,0.010585482761896303,6.46087980699277,3.848061434967524,11.05141127009993,8.347913876644338
glove100,0.018,0.99,100,P,Ours,0.9701225000000001,0.81,,0.015251018262751992,0.020334691017002582,9.301019009291236,5.96461744939966,18.122070781652504,14.693063004218567
glove100,0.018,0.99,100,P,Ada-ef,0.971895,0.81,,0.03717476882250359,0.009566358430004751,12.121071363924825,3.3590918992833196,16.250879001084424,7.6880551930023255
glove100,0.018,0.99,100,P,Ada-ef WAE,0.9847975000000001,0.89,,0.011032545895599544,0.014710061194132762,21.08680027487413,17.60438227558309,28.11532634699458,24.63196408707979
glove100,0.018,0.99,100,R,Ours,0.966555,0.79,,0.02014638260430912,0.020195176805745563,10.058425440663198,6.540023542569322,18.748797602297827,15.17119493192181
glove100,0.018,0.99,100,R,Ada-ef,0.9816325,0.89,,0.027565204638737684,0.03675360618498347,27.431216755840932,20.359984220920172,42.51880154191968,36.30216903607776
glove100,0.018,0.99,100,R,Ada-ef WAE,0.9852137500000001,0.89,,0.008605643391630502,0.011474191188840632,20.086815757752444,16.878334082515714,25.695164199761805,22.477191068958394
glove100,0.018,0.99,100,P,Ours scaled,0.9862975,0.89,4.0,0.0019514733071662738,0.0026019644095550687,13.143401646994638,10.417019729118,14.564831294679173,11.820234142213723
glove100,0.018,0.99,100,P,Ours L30,0.96565375,0.78,,0.013657798763816897,0.014877065018422675,6.41125023690301,3.7917737944724785,13.161133957541512,10.407818623732329
glove100,0.018,0.99,100,P,Ours L30 scaled,0.9864674999999999,0.89,4.0,0.0008601442052460495,0.001146858940328066,9.670498699850674,7.569208600133283,10.325075516238027,8.210178197636136
glove100,0.018,0.99,100,R,Ours scaled,0.9861425,0.89,4.0,0.0029347723541053305,0.0039130298054737,14.70982566625889,11.718646540008875,16.800248574331903,13.788556600352225
glove100,0.018,0.99,100,R,Ours L30,0.9656275000000001,0.78,,0.013758686681248689,0.015011582241664989,7.49530596194099,4.745538670621981,14.225080167740295,11.347292847922967
glove100,0.018,0.99,100,R,Ours L30 scaled,0.986395,0.89,4.0,0.001327231181004529,0.0017696415746727423,11.01243444515458,8.627873675949543,12.005503278950991,9.603048180826306
msturing,0.01,0.9,100,P,Ours,0.8590550000000001,0.48,,0.009446832816929596,0.0025957770892393595,2.3013998691443853,2.149311743714252,3.113700187640024,2.979394952012988
msturing,0.01,0.9,100,P,Ada-ef,0.8433950000000001,0.34,,0.0006947435265928226,-0.09574034196454279,-10.749188866349554,-18.587625195063247,-57.360267076202945,-65.70756478232877
msturing,0.01,0.9,100,P,Ada-ef WAE,0.8670439999999998,0.46,,0.013610134500501081,-0.03798733187437359,-2.1414271636381628,-6.9101996239559424,-16.443239970855124,-21.99275230264735
msturing,0.01,0.9,100,R,Ours,0.9149450000000001,0.63,,0.014564082336514295,0.006376054891009564,1.9171796711581308,1.535619055140567,5.937936723800812,5.461970071344345
msturing,0.01,0.9,100,R,Ada-ef,0.906328,0.53,,0.006955154056429436,-0.0673931279247606,-1.2227943938832377,-4.527413828136487,-34.85043662660395,-36.06849191790365
msturing,0.01,0.9,100,R,Ada-ef WAE,0.9244319999999999,0.64,,0.0061060203671603475,-0.004857739591967447,3.2417754552441167,1.7285909002813544,1.1508293017710816,-0.35075597736274367
msturing,0.01,0.9,100,P,Ours scaled,0.812682,0.38,0.6648647577990366,0.005356607617808429,0.014195759522260487,1.9343026339592542,1.430339745744974,6.637265548112273,6.038253436110871
msturing,0.01,0.9,100,P,Ours L30,0.8495440000000001,0.45,,0.00947056285033221,-0.0007059161995570107,1.1114947982639483,0.9238477881432708,0.8867111565040938,0.7008481285266455
msturing,0.01,0.9,100,P,Ours L30 scaled,0.801532,0.34,0.6662162735415808,0.005435816499199497,-0.004564183500800456,0.607982209517453,0.7214649908020436,-1.299444036532251,-1.1383948111027626
msturing,0.01,0.9,100,R,Ours scaled,0.904325,0.6099000000000001,0.8733836930995844,0.011745903888951026,0.018894538518601456,1.8069555540052689,1.5058468735666575,8.56715225527057,8.05729193790108
msturing,0.01,0.9,100,R,Ours L30,0.9142600000000001,0.62,,0.006580797091353063,-0.0022794686057646674,1.2023315699432773,1.1460416128762967,-0.28721525268532266,-0.3109807505293102
msturing,0.01,0.9,100,R,Ours L30 scaled,0.904391,0.6,0.8822967877312697,0.011589650271786489,0.00878620036238198,1.044291472412653,0.9690687504565917,4.272775645545317,4.088614571290426
msturing,0.01,0.95,10,P,Ours,0.8465900000000002,0.0,,-0.05783348216273376,0.0,3.0107874147913734,3.527364709174039,-472.60624771003756,-420.65992378766754
msturing,0.01,0.95,10,P,Ada-ef,0.77082,0.0,,-0.029232792763328547,0.0,-63.28418127048867,-94.75377207413466,-485.18851326746733,-551.9434665520376
msturing,0.01,0.95,10,P,Ada-ef WAE,0.84295,0.0,,-0.042885932828997,0.0,-29.086528037178322,-48.115862521017796,-640.4381084189407,-677.5965820528131
msturing,0.01,0.95,10,R,Ours,0.9590200000000001,0.5,,0.07788055379628711,-0.022119446203712978,2.6126301133786347,2.9773174640587268,-7.823479793316023,-7.117371087082717
msturing,0.01,0.95,10,R,Ada-ef,0.94529,0.4,,0.0,-0.010817931815920168,-10.101477034719306,-13.033866041122867,-12.708123502802584,-15.682777948502402
msturing,0.01,0.95,10,R,Ada-ef WAE,0.96175,0.5,,0.0625978541024127,-0.03740214589758728,1.4692506360930633,0.9349404410772277,-17.038411234628505,-17.11359720853463
msturing,0.01,0.95,10,P,Ours scaled,0.7108100000000002,0.0,0.3652294485451618,-0.017350921010774564,0.0,1.9253221203424205,0.06836340463461092,-155.20829629784876,-145.56392873602599
msturing,0.01,0.95,10,P,Ours L30,0.8390400000000001,0.0,,-0.027210763890008816,0.0,1.1869849514550277,1.0588252170932848,-449.90478995593924,-403.7757161226878
msturing,0.01,0.95,10,P,Ours L30 scaled,0.7069,0.0,0.37525351740660645,-0.00650432359306817,0.0,0.9644200401491687,1.1903725741017894,-152.9811896539916,-138.52473254294387
msturing,0.01,0.95,10,R,Ours scaled,0.9472300000000001,0.5,0.7669409989204782,0.0,0.07216239990883971,2.6160446366880015,1.7359016383045232,16.689451578605794,15.654209702791757
msturing,0.01,0.95,10,R,Ours L30,0.9581200000000001,0.5,,0.0826963686987745,-0.017303631301225586,0.672964069643059,0.3512030791095737,-7.560469447447836,-7.7305531300895725
msturing,0.01,0.95,10,R,Ours L30 scaled,0.9468799999999999,0.5,0.7795022001189185,0.0,0.07527873769690319,0.5266657302191537,0.3120968668012286,15.473700756422737,14.994608694471308
msturing,0.01,0.95,100,P,Ours,0.9111710000000001,0.62,,0.0036241214572485525,0.013624121457248561,2.535179263202338,1.446053705482782,8.586861445627427,7.4029273182510344
msturing,0.01,0.95,100,P,Ada-ef,0.90345,0.52,,-0.006516507845959363,-0.0665165078459593,-8.992677947860853,-11.272512653047945,-46.1675791077989,-48.198674458501024
msturing,0.01,0.95,100,P,Ada-ef WAE,0.922307,0.63,,0.0017081974770314368,-0.008291802522968572,-0.43297369555936854,-1.6389539832608517,-4.428642345865829,-5.56973377745266
msturing,0.01,0.95,100,R,Ours,0.94957,0.74,,-7.849230639978e-05,0.00994521277095628,1.9247354021511194,0.9022336488327745,6.677089761636282,5.584386992415833
msturing,0.01,0.95,100,R,Ada-ef,0.952327,0.7,,0.0020113009358154743,-0.040614913250686446,0.0697100552671468,-1.2144759384759969,-22.402726516389908,-23.334814672967198
msturing,0.01,0.95,100,R,Ada-ef WAE,0.962166,0.7799000000000001,,0.001004116481694295,-0.0013448543978820116,3.2371098868819184,2.7892296296821377,2.494248501215949,2.0607816005384136
msturing,0.01,0.95,100,P,Ours scaled,0.906067,0.6,0.9383533031426873,0.007585183941573481,0.003446911922098006,2.6070708151371913,2.2737534399950268,3.8662121520761934,3.5025558165620643
msturing,0.01,0.95,100,P,Ours L30,0.9045280000000001,0.6,,0.0012649610232923214,0.008353281364389842,1.3582151481139877,1.2016173635673018,4.420374026251842,4.185286016433114
msturing,0.01,0.95,100,P,Ours L30 scaled,0.899609,0.58,0.9421720895161672,0.0031577488682114074,0.0031577488682114074,1.4123689709977907,1.2309818275986868,2.7874195779932847,2.582750950246904
msturing,0.01,0.95,100,R,Ours scaled,0.9524290000000001,0.75,1.05707528188269,0.0034024867095071576,0.01120331561267629,2.361765771206051,2.125840407698445,7.161884464002916,6.851604976552961
msturing,0.01,0.95,100,R,Ours L30,0.948887,0.73,,0.0037152671085335376,0.004966073701739848,1.2737180646178479,1.2723417361499607,3.9278958044779615,3.8569394579423286
msturing,0.01,0.95,100,R,Ours L30 scaled,0.9524369999999999,0.7499000000000001,1.070758264489131,0.003376978702542277,0.011069304936723201,1.2143198109243798,1.1899162578765679,6.0141921164620555,5.905186352567917
msturing,0.01,0.99,100,P,Ours,0.963923,0.79,,-0.004721435875696178,0.0015982051553797838,2.614384318060789,2.501505539257503,3.4954681032580046,3.3690905642290025
msturing,0.01,0.99,100,P,Ada-ef,0.973137,0.76,,-0.0062405856782453695,-0.06936087851736794,-11.950680152162295,-13.083028897223842,-65.66592193595399,-66.05068947378182
msturing,0.01,0.99,100,P,Ada-ef WAE,0.981325,0.85,,-0.002945938058222297,-0.019418907087333404,-0.3906006772586982,-1.0866328254057367,-14.30751362960252,-14.718485902094173
msturing,0.01,0.99,100,R,Ours,0.9782300000000002,0.86,,-0.0016819297953433177,0.007477105306984977,3.003067399018545,2.830036362968145,7.7325245982291735,7.444965170045309
msturing,0.01,0.99,100,R,Ada-ef,0.988509,0.9,,0.005390118254588794,-0.00921976349082232,-0.22386154199204505,-1.0547976380819706,-8.325742285765422,-8.98359920229031
msturing,0.01,0.99,100,R,Ada-ef WAE,0.9907180000000002,0.92,,0.007384176696593858,-0.005231646606812079,1.6044812064241638,1.2619895911859285,-2.832961493423487,-3.0620402686007986
msturing,0.01,0.99,100,P,Ours scaled,0.978477,0.86,1.509164427593423,-0.002520098126290282,0.006219852810564475,2.495480956229251,2.4345319418871747,6.466810330781926,6.314578242103358
msturing,0.01,0.99,100,P,Ours L30,0.9610299999999999,0.78,,0.004566158566308709,0.0032076982078859118,1.6287066005116917,1.745295155281691,3.406858201512665,3.4802232096916916
msturing,0.01,0.99,100,P,Ours L30 scaled,0.9767629999999999,0.85,1.5286993377052567,0.0031082430574163045,0.004662364586124568,1.1890799089760065,1.3637698827218452,4.221501385343925,4.319038085948885
msturing,0.01,0.99,100,R,Ours scaled,0.9906159999999999,0.93,1.7610138430375837,0.007794025855554221,0.005588051711108544,2.831230858948074,2.7320246798813708,7.303228424912127,7.080913214127868
msturing,0.01,0.99,100,R,Ours L30,0.9776380000000001,0.85,,0.0002888650251630098,0.0004332975377444592,1.16711627399546,1.1287607714654964,1.4529991088348504,1.4070288309423806
msturing,0.01,0.99,100,R,Ours L30 scaled,0.990642,0.93,1.7947090750031072,0.0076899791081874724,0.005379958216375158,1.256810893055269,1.2515964720425128,5.635847249772992,5.505856960345679
sift128,0.126,0.9,100,P,Ours,0.9376862499999999,0.76,,0.01740628308491754,0.01740628308491754,1.0887954227998156,-0.031992428431085365,8.06779396625203,6.155478054097098
sift128,0.126,0.9,100,P,Ada-ef,0.9263887500000001,0.72,,-8.9420279881125e-05,-8.9420279881125e-05,-0.9354008824470519,-39.508293108417696,-0.9733493955533036,-39.5540616088381
sift128,0.126,0.9,100,P,Ada-ef WAE,0.9263887500000001,0.72,,-8.9420279881125e-05,-8.9420279881125e-05,-0.9354008824470519,-39.56706971042684,-0.9733493955533036,-39.61285749369326
sift128,0.126,0.9,100,R,Ours,0.945985,0.79,,0.018102458960305934,0.028102458960305943,1.7481455459739184,0.21291663264114274,12.954753234297128,10.324532104544005
sift128,0.126,0.9,100,R,Ada-ef,0.9266725000000001,0.72,,-0.0006110705432773589,-0.0006110705432773589,-1.0381433749654267,-39.53385250406124,-1.2980206031182318,-39.84922282565161
sift128,0.126,0.9,100,R,Ada-ef WAE,0.9266725000000001,0.72,,-0.0006110705432773589,-0.0006110705432773589,-1.0381433749654267,-39.631745773537524,-1.2980206031182318,-39.947337350624835
sift128,0.126,0.9,100,P,Ours scaled,0.9263387500000001,0.72,0.25,,,,,-0.04025619039567809,-0.2277177081166251
sift128,0.126,0.9,100,P,Ours L30,0.9372137500000001,0.75,,0.008426578488788472,0.008426578488788583,0.9319419350936208,0.3252331592684703,4.379798792214144,3.378284829445595
sift128,0.126,0.9,100,P,Ours L30 scaled,0.9263400000000002,0.72,0.25,,,,,-0.04025619039567809,-0.1387952822599434
sift128,0.126,0.9,100,R,Ours scaled,0.9263387500000001,0.72,0.25,,,,,-0.04025619039567809,-0.5684051224480716
sift128,0.126,0.9,100,R,Ours L30,0.9459650000000002,0.78,,0.008152460639728742,0.01815246063972875,1.6891922741557923,0.6696999524267613,9.047215963652787,7.345786674588156
sift128,0.126,0.9,100,R,Ours L30 scaled,0.9263400000000002,0.72,0.25,,,,,-0.04025619039567809,-0.07895342776812926
sift128,0.126,0.95,10,P,Ours,0.8816000000000002,0.4,,0.0,0.0737224803076586,-4.230764155488306,-9.852972794662545,5.676443648025259,0.13714400203877256
sift128,0.126,0.95,10,P,Ada-ef,0.9451625,0.5,,-0.07906863176567613,-0.07906863176567602,-18.884744869571488,-91.35602046449469,-37.78180059152106,-119.01011616836372
sift128,0.126,0.95,10,P,Ada-ef WAE,0.9451625,0.5,,-0.07906863176567613,-0.07906863176567602,-18.884744869571488,-91.14910062119247,-37.78180059152106,-118.77329300069357
sift128,0.126,0.95,10,R,Ours,0.9560875000000001,0.6,,0.0,0.0,-3.257360576680801,-5.715829527546978,-12.235979791302439,-14.119846171570458
sift128,0.126,0.95,10,R,Ada-ef,0.9564625000000001,0.6,,0.0,0.0,-11.296456930742421,-76.13034800171778,-21.53704419401723,-90.94360458914059
sift128,0.126,0.95,10,R,Ada-ef WAE,0.956525,0.6,,0.0,0.0,-11.246618898803455,-76.4157781768802,-21.577128150662332,-91.38953676708114
sift128,0.126,0.95,10,P,Ours scaled,0.8012375,0.2,0.569009023903629,-0.01749440084453635,-0.01749440084453638,-3.201975869788715,-13.772918139239371,-6.593694030302144,-17.51532215718352
sift128,0.126,0.95,10,P,Ours L30,0.8831000000000001,0.4,,0.0,0.06785916664229924,-2.69147461026096,-4.2763398553963325,6.328299130277909,4.306773832980704
sift128,0.126,0.95,10,P,Ours L30 scaled,0.8106375,0.2,0.6410009666106119,-0.03532702661779097,-0.03532702661779097,-4.691872456543483,-6.436098494556008,-11.756161502685194,-13.624473655783161
sift128,0.126,0.95,10,R,Ours scaled,0.9485250000000001,0.6,0.8955341244731693,0.0014953884434769638,0.0014953884434769638,-2.7437126233751283,-5.558305485887152,-2.457465712023882,-5.293532925709476
sift128,0.126,0.95,10,R,Ours L30,0.9565250000000001,0.6,,0.0,0.0,-2.575924964467652,-3.748734203307566,-12.101262025069644,-12.557300811073086
sift128,0.126,0.95,10,R,Ours L30 scaled,0.9483875,0.6,0.8943225679004732,0.002314759361178531,0.002314759361178531,-2.4626927393072573,-4.023044120508165,-2.0211513745746115,-3.619432841557767
sift128,0.126,0.95,100,P,Ours,0.95708875,0.82,,0.008695107976785632,0.02869510797678554,2.0490206573690477,0.15761623884493808,14.053034896082165,11.06526153327069
sift128,0.126,0.95,100,P,Ada-ef,0.9630425,0.81,,-4.589278721267576e-06,-6.883918081790341e-06,-0.07874261010238327,-25.304560624486538,-0.08214395974805479,-25.30832097061943
sift128,0.126,0.95,100,P,Ada-ef WAE,0.9630425,0.81,,-4.589278721267576e-06,-6.883918081790341e-06,-0.07874261010238327,-25.332558064451145,-0.08214395974805479,-25.336319250777432
sift128,0.126,0.95,100,R,Ours,0.96390125,0.84,,0.008400335849543361,0.02760050377431489,2.6647336941272757,0.42074239253998696,15.064115661861655,11.568469094905808
sift128,0.126,0.95,100,R,Ada-ef,0.9630975,0.81,,-0.00010563202978786101,-0.00015844804468179152,-0.19633457950776756,-25.246992333641057,-0.2747452125522418,-25.332386548548275
sift128,0.126,0.95,100,R,Ada-ef WAE,0.9631587500000001,0.8198999999999999,,-0.00021833430150408617,0.009572498547743669,-0.14698052116753604,-25.208773135417466,4.475846234090728,-20.157793784713924
sift128,0.126,0.95,100,P,Ours scaled,0.9330062499999999,0.75,0.734425216668491,0.007187462780587017,0.017187462780587026,0.6024666553786384,-0.11074007771364967,7.530760146321835,6.022772220755251
sift128,0.126,0.95,100,P,Ours L30,0.95632625,0.81,,0.010900638284360276,0.020900638284360284,1.717353579336127,0.5902398770845686,10.26310189818912,8.323917354509106
sift128,0.126,0.95,100,P,Ours L30 scaled,0.9319275,0.74,0.7394134158482947,0.00934502119706171,0.00934502119706171,0.36888140538790887,-0.2295465826258159,4.206894436605781,3.1573840370018686
sift128,0.126,0.95,100,R,Ours scaled,0.9485875000000001,0.8,0.8107143726212565,0.011432787693033797,0.031432787693033815,1.7221795051273945,-0.08468245508554728,14.269648679731972,11.314232548495317
sift128,0.126,0.95,100,R,Ours L30,0.9636500000000001,0.83,,0.008870910588989478,0.01830636588348411,2.347225502411139,0.9785868946458226,10.785920629707098,8.517344442831751
sift128,0.126,0.95,100,R,Ours L30 scaled,0.9486600000000001,0.79,0.8145649045969207,0.011242186750721417,0.021242186750721426,1.6050391009947318,0.3804406283886495,10.277445639308372,8.19361231779742
sift128,0.126,0.99,100,P,Ours,0.9815150000000001,0.9,,0.004483825031246225,0.028967650062492356,3.5925987877693357,1.818475749920136,17.6126792238167,14.466150232294728
sift128,0.126,0.99,100,P,Ada-ef,0.98687875,0.9,,4.01671675726023e-05,8.033433514509358e-05,-0.04359140816670488,-13.128732119960437,4.562379086488891e-14,-13.085474710229233
sift128,0.126,0.99,100,P,Ada-ef WAE,0.98687875,0.9,,4.01671675726023e-05,8.033433514509358e-05,-0.04359140816670488,-13.05656560914444,4.562379086488891e-14,-13.013335793962108
sift128,0.126,0.99,100,R,Ours,0.98632125,0.92,,0.011793773829920084,0.023587547659840058,3.7691335649563915,1.6829291585644142,16.203675407870666,12.99644851275487
sift128,0.126,0.99,100,R,Ada-ef,0.9911449999999999,0.9299,,0.0006994534617758008,0.0009491801926635457,-0.6554589188001235,-10.52985754031644,-0.08908007312962808,-9.979638955954474
sift128,0.126,0.99,100,R,Ada-ef WAE,0.9912850000000001,0.93,,-4.708104130157764e-05,-4.708104130157764e-05,-0.02974077189215112,-9.869851461187729,-0.10101057440574455,-9.93913277141193
sift128,0.126,0.99,100,P,Ours scaled,0.9845712500000001,0.91,1.0831509960128538,0.006867379278074237,0.023734758556148483,4.070169275840381,2.099699492305731,16.09746296331589,13.081146535991161
sift128,0.126,0.99,100,P,Ours L30,0.98101375,0.89,,0.005611389972249192,0.021222779944498393,3.2706122714341186,1.7043711507718693,13.790336836777053,11.18488935353181
sift128,0.126,0.99,100,P,Ours L30 scaled,0.98336625,0.9,1.0613772272892619,0.010036608987883278,0.020073217975766555,3.504622087445387,1.940555488998554,13.460879618351498,10.910202594788677
sift128,0.126,0.99,100,R,Ours scaled,0.98954375,0.93,1.1227153423151617,0.008877148639397592,0.013315722959096332,4.303381194499732,2.0340983336831324,11.586727096505372,8.678050101182674
sift128,0.126,0.99,100,R,Ours L30,0.9860475000000001,0.91,,0.012628852244904398,0.015257704489808788,3.074758844018885,1.1759697498293793,11.237220708643225,8.569606391148714
sift128,0.126,0.99,100,R,Ours L30 scaled,0.9895525000000001,0.93,1.1318720942630685,0.008835960920095864,0.013253941380143908,3.6997288098903174,1.781074293896344,10.99633408664278,8.41234770644283
vibe_landmark_dino,0.076,0.9,100,P,Ours,0.9561285714285713,0.79,,0.024903991011312576,0.025003991011312565,4.710546753310272,3.4673829266643037,14.52004196120835,11.970054081542992
vibe_landmark_dino,0.076,0.9,100,P,Ada-ef,0.9498857142857144,0.73,,0.012284148104981907,-0.015730738212789697,-6.677867377810089,-35.32504249639341,-12.70827324485968,-42.23129418071173
vibe_landmark_dino,0.076,0.9,100,P,Ada-ef WAE,0.9580714285714286,0.7798,,0.00871907731491206,0.008619077314912071,-4.957052749723229,-31.886586533627142,-1.1097624754525668,-27.800049639748863
vibe_landmark_dino,0.076,0.9,100,R,Ours,0.9537714285714287,0.78,,0.022050040852686803,0.022150040852686792,4.243310621283054,2.610840137135047,13.005991660843307,10.231167055950676
vibe_landmark_dino,0.076,0.9,100,R,Ada-ef,0.943757142857143,0.72,,0.017069392780293957,-0.004338584311509797,-1.7702010255857912,-34.003039084234935,-3.3254280299795083,-35.77754847762474
vibe_landmark_dino,0.076,0.9,100,R,Ada-ef WAE,0.9517428571428572,0.7499,,0.007914078017907444,-0.0020859219820925645,-0.5965318752832458,-30.973740812111505,-1.5098281219916816,-31.98255308250692
vibe_landmark_dino,0.076,0.9,100,P,Ours scaled,0.9323142857142858,0.69,0.25,,,,,-0.04082758685048412,0.12540316355037312
vibe_landmark_dino,0.076,0.9,100,P,Ours L30,0.9521142857142857,0.7699,,0.016359044486172758,0.016859044486172703,3.718585467039088,2.5896184486106417,10.500880873587013,8.464942347020262
vibe_landmark_dino,0.076,0.9,100,P,Ours L30 scaled,0.9323142857142858,0.69,0.25,,,,,-0.04082758685048412,-0.0015633063444818382
vibe_landmark_dino,0.076,0.9,100,R,Ours scaled,0.9323142857142858,0.69,0.25,,,,,-0.04082758685048412,0.7684069480716678
vibe_landmark_dino,0.076,0.9,100,R,Ours L30,0.9529571428571427,0.7799,,0.014434253786373974,0.024434253786373983,3.6490875227594066,3.1090497118518687,13.328194708000533,11.420257607359101
vibe_landmark_dino,0.076,0.9,100,R,Ours L30 scaled,0.9323142857142858,0.69,0.25,,,,,-0.04082758685048412,0.863260137563962
vibe_landmark_dino,0.076,0.95,10,P,Ours,0.9287142857142857,0.5,,0.045338370158158336,0.0,-12.619237710810424,-12.88082626125417,-27.75163710123052,-25.80847725981976
vibe_landmark_dino,0.076,0.95,10,P,Ada-ef,0.9652857142857143,0.6,,0.0,-0.007496750974593569,-27.645260374739,-60.882336211911955,-51.089393154062314,-85.91478095277006
vibe_landmark_dino,0.076,0.95,10,P,Ada-ef WAE,0.9655714285714285,0.6,,0.0,-0.010538733155827318,-27.828508763683075,-61.08045418232978,-51.93489394023351,-86.82192761832206
vibe_landmark_dino,0.076,0.95,10,R,Ours,0.9715714285714286,0.7,,0.0,0.018977282519176852,-18.78975202043125,-19.29972615256555,-15.756795908292718,-16.705485819352344
vibe_landmark_dino,0.076,0.95,10,R,Ada-ef,0.9627142857142859,0.6,,0.022254943011829398,0.0,-30.478652260177757,-65.03683276709998,-47.57808195957106,-83.46641302613624
vibe_landmark_dino,0.076,0.95,10,R,Ada-ef WAE,0.9708571428571429,0.6,,0.0,-0.0718888058928907,-20.52386533701207,-55.450071134504675,-55.745460907133904,-93.59642525330678
vibe_landmark_dino,0.076,0.95,10,P,Ours scaled,0.8927142857142858,0.4,0.7270059428514635,0.0066447537975510285,0.10000000000000003,-15.647277061835108,-15.458654897163601,-6.942371288603496,-7.873587727554524
vibe_landmark_dino,0.076,0.95,10,P,Ours L30,0.9212857142857144,0.5,,0.07253819929197813,0.0,-6.891670850003043,-5.652070956820577,-13.881195588512597,-12.172639468411898
vibe_landmark_dino,0.076,0.95,10,P,Ours L30 scaled,0.8792857142857143,0.3,0.7182016823215793,0.0597520105235424,0.0,-11.54487488624527,-10.13399221580748,-18.81898613792903,-16.412724845034496
vibe_landmark_dino,0.076,0.95,10,R,Ours scaled,0.953857142857143,0.699,0.7196616196525827,0.10000000000000009,0.11038392425337928,-18.575180178248456,-16.06865832065551,13.458818282096471,10.243011952492195
vibe_landmark_dino,0.076,0.95,10,R,Ours L30,0.9722857142857142,0.7,,0.0,0.009610931105841658,-17.159612025207384,-24.04829984201722,-15.634999635825157,-22.676803250580456
vibe_landmark_dino,0.076,0.95,10,R,Ours L30 scaled,0.9560000000000001,0.699,0.7260223858831917,0.09437942449365033,0.09899999999999998,-15.924839130474194,-12.977946895281372,12.772425357290624,10.675746608142195
vibe_landmark_dino,0.076,0.95,100,P,Ours,0.9693571428571428,0.84,,0.026480770107497276,0.03651317395803466,1.4081508969439103,0.0006782660699120053,21.667994511596934,19.72616307985645
vibe_landmark_dino,0.076,0.95,100,P,Ada-ef,0.9621000000000001,0.7999,,0.00492579529586723,0.014925795295867239,-13.889476681379186,-39.44019605053183,-3.5978476889655138,-28.563420188921683
vibe_landmark_dino,0.076,0.95,100,P,Ada-ef WAE,0.9747571428571429,0.85,,0.009614973119240977,0.029614973119240995,-5.177518730969219,-27.749838706003082,11.238545202621115,-3.9240468852456143
vibe_landmark_dino,0.076,0.95,100,R,Ours,0.9681285714285716,0.8399,,0.019492187012016493,0.03943964794707644,4.003343958198567,1.803770978379491,25.364502965645823,33.93498656928126
vibe_landmark_dino,0.076,0.95,100,R,Ada-ef,0.9547428571428572,0.76,,0.018650162827788197,-0.0007498371722118868,-6.205354446013613,-36.52233970464496,-6.550963919593561,-36.90338052696816
vibe_landmark_dino,0.076,0.95,100,R,Ada-ef WAE,0.9681714285714286,0.8,,0.008889106237615962,-0.0005639482311959876,-1.59652542299172,-27.87415779745444,-2.0177683870793066,-28.325637383720075
vibe_landmark_dino,0.076,0.95,100,P,Ours scaled,0.9498142857142857,0.7796000000000001,0.6006716325275129,0.02246050190963722,0.034133351609681784,3.854410883637098,2.5558970754289825,16.763778258533783,14.191485121551537
vibe_landmark_dino,0.076,0.95,100,P,Ours L30,0.9673285714285715,0.84,,0.021391330886935456,0.04144828754136998,3.45962185434284,2.7365035565719156,26.02550808438534,24.573691997616223
vibe_landmark_dino,0.076,0.95,100,P,Ours L30 scaled,0.9482714285714285,0.7699,0.6626183215798707,0.016709692860935044,0.03004776505925033,3.095259000059984,1.9394844328412104,14.205971338380921,11.89375474102853
vibe_landmark_dino,0.076,0.95,100,R,Ours scaled,0.9499428571428572,0.7697,0.6785042170756936,0.022142883987757767,0.023757718771667213,3.798002262432141,2.572818632437425,12.920081535929237,11.402471199582493
vibe_landmark_dino,0.076,0.95,100,R,Ours L30,0.9675571428571428,0.8299,,0.020353505534715044,0.030807773062388466,3.3211350454648905,2.9919820648393736,21.445780208814696,30.816084026554307
vibe_landmark_dino,0.076,0.95,100,R,Ours L30 scaled,0.9506571428571429,0.7699,0.7047176181794215,0.010863347962623893,0.021292863574029264,3.450948964904932,2.517437091741482,11.864430165597014,10.723845530021178
vibe_landmark_dino,0.076,0.99,100,P,Ours,0.9878714285714285,0.92,,0.013007445219972769,0.029122335659918286,-1.6020273804407188,-3.6735454945784354,17.136999094824596,17.74495256866104
vibe_landmark_dino,0.076,0.99,100,P,Ada-ef,0.9889714285714285,0.9099,,0.00029697054450539273,0.010890911633516298,-16.336892677966176,-30.770182765525757,-7.381608133106877,-18.57751564752994
vibe_landmark_dino,0.076,0.99,100,P,Ada-ef WAE,0.9942285714285715,0.94,,0.0063247487026281135,0.00816237435131395,-3.0762040761573695,-15.065700069459915,13.775551638757369,0.5655555717634672
vibe_landmark_dino,0.076,0.99,100,R,Ours,0.9876857142857144,0.9199,,0.013440669089261226,0.03032200726778367,3.157053856147411,0.39570273258691996,21.565878608915206,21.354828409097422
vibe_landmark_dino,0.076,0.99,100,R,Ada-ef,0.9874857142857143,0.8698,,0.003899971086678833,-0.018400086739963517,-13.010798669287379,-28.860791404444917,-26.029033351770327,-40.83198589010452
vibe_landmark_dino,0.076,0.99,100,R,Ada-ef WAE,0.9937714285714285,0.93,,0.00944121469860193,-0.00027939265069909514,1.9075044475145324,-11.109956499847458,1.306280848382541,-11.665983079399075
vibe_landmark_dino,0.076,0.99,100,P,Ours scaled,0.9901142857142857,0.93,1.0934643990728858,0.0036406600870920736,0.0235449880897719,-0.10075208807149957,-4.679959096391778,20.61931046067629,13.15677631149417
vibe_landmark_dino,0.076,0.99,100,P,Ours L30,0.9867000000000001,0.91,,0.005635969728707835,0.027007909186123724,-0.9797923321657591,-2.4277399685914935,15.29986958503958,11.466327362548373
vibe_landmark_dino,0.076,0.99,100,P,Ours L30 scaled,0.9901285714285715,0.9299000000000001,1.1426494033949515,0.003547749664408184,0.02334921888485164,0.9853630802306655,-0.7155041520099684,21.321655520794717,16.309453663352695
vibe_landmark_dino,0.076,0.99,100,R,Ours scaled,0.9901857142857142,0.93,1.1053714457017412,0.003174758508879605,0.023064751078383572,4.670863648515035,1.5068667330894763,24.131122797291194,18.83694754661154
vibe_landmark_dino,0.076,0.99,100,R,Ours L30,0.9876571428571429,0.9199,,0.0035067384455611528,0.030520215336683698,3.1096115912816416,0.5964363579592333,21.61960880399969,16.77446040797104
vibe_landmark_dino,0.076,0.99,100,R,Ours L30 scaled,0.9904857142857145,0.93,1.118164782923478,0.010680217746549259,0.0210088398310585,5.136641692297394,2.1843693967151556,23.331506876287662,18.343747363378267
